year,id_,socfrend,satjob,satfin,mntlhlth,satself,afailure,slfrspct,ofworth,nogood,optimist,pessimst,notcount,moregood,owndoing,depndabl,hlth4,ballot
2004,4,1.0,1.0,1.0,15.0,1.0,4.0,3.0,1.0,4.0,2.0,3.0,3.0,2.0,2.0,1.0,2.0,Ballot b
2004,6,5.0,2.0,2.0,0.0,2.0,3.0,3.0,1.0,4.0,1.0,3.0,3.0,1.0,2.0,1.0,2.0,Ballot a
2004,7,4.0,1.0,2.0,5.0,2.0,3.0,3.0,2.0,3.0,3.0,3.0,1.0,2.0,2.0,2.0,2.0,Ballot c
2004,9,4.0,1.0,3.0,0.0,1.0,4.0,4.0,4.0,4.0,1.0,1.0,3.0,1.0,2.0,2.0,2.0,Ballot c
2004,15,3.0,2.0,2.0,0.0,2.0,4.0,4.0,1.0,4.0,2.0,3.0,3.0,2.0,2.0,2.0,2.0,Ballot a
2004,18,1.0,3.0,3.0,30.0,1.0,4.0,4.0,1.0,1.0,1.0,1.0,4.0,4.0,1.0,1.0,2.0,Ballot a
2004,21,4.0,2.0,3.0,14.0,2.0,4.0,4.0,1.0,3.0,1.0,3.0,2.0,2.0,2.0,2.0,2.0,Ballot c
2004,33,4.0,3.0,3.0,3.0,2.0,2.0,2.0,2.0,2.0,3.0,3.0,3.0,1.0,1.0,1.0,2.0,Ballot b
2004,37,4.0,1.0,1.0,5.0,1.0,4.0,4.0,1.0,4.0,2.0,4.0,4.0,1.0,2.0,1.0,2.0,Ballot c
2004,39,4.0,2.0,1.0,5.0,2.0,3.0,3.0,2.0,3.0,3.0,2.0,2.0,2.0,2.0,2.0,2.0,Ballot a
2004,40,2.0,4.0,3.0,0.0,3.0,3.0,2.0,2.0,1.0,3.0,2.0,3.0,2.0,2.0,1.0,2.0,Ballot b
2004,42,4.0,4.0,2.0,0.0,1.0,4.0,4.0,1.0,4.0,2.0,4.0,4.0,2.0,2.0,1.0,2.0,Ballot c
2004,43,4.0,3.0,3.0,0.0,1.0,3.0,4.0,1.0,4.0,1.0,4.0,4.0,1.0,2.0,1.0,2.0,Ballot a
2004,50,3.0,2.0,3.0,1.0,2.0,3.0,2.0,1.0,4.0,3.0,2.0,2.0,2.0,1.0,3.0,2.0,Ballot b
2004,51,2.0,1.0,2.0,0.0,2.0,4.0,4.0,1.0,4.0,2.0,2.0,4.0,2.0,2.0,1.0,2.0,Ballot a
2004,58,3.0,1.0,1.0,0.0,2.0,4.0,3.0,1.0,4.0,1.0,3.0,3.0,2.0,2.0,1.0,2.0,Ballot a
2004,76,1.0,1.0,2.0,0.0,1.0,4.0,4.0,2.0,4.0,1.0,3.0,4.0,4.0,2.0,5.0,2.0,Ballot b
2004,77,2.0,1.0,2.0,1.0,1.0,4.0,3.0,1.0,3.0,1.0,3.0,2.0,2.0,2.0,2.0,2.0,Ballot b
2004,81,4.0,1.0,1.0,0.0,1.0,4.0,3.0,1.0,4.0,1.0,4.0,3.0,1.0,1.0,1.0,2.0,Ballot c
2004,85,4.0,2.0,2.0,7.0,2.0,3.0,3.0,2.0,3.0,2.0,3.0,3.0,2.0,1.0,4.0,2.0,Ballot a
2004,86,5.0,2.0,1.0,0.0,2.0,3.0,3.0,2.0,3.0,2.0,3.0,3.0,2.0,2.0,3.0,2.0,Ballot b
2004,91,2.0,2.0,2.0,2.0,2.0,3.0,3.0,2.0,3.0,2.0,3.0,3.0,2.0,2.0,2.0,2.0,Ballot b
2004,100,2.0,4.0,3.0,25.0,3.0,2.0,1.0,2.0,2.0,2.0,2.0,2.0,2.0,Unknown,3.0,2.0,Ballot a
2004,101,4.0,1.0,1.0,0.0,2.0,4.0,4.0,1.0,4.0,1.0,4.0,4.0,1.0,2.0,2.0,2.0,Ballot c
2004,102,5.0,1.0,1.0,0.0,1.0,4.0,4.0,1.0,4.0,4.0,4.0,4.0,1.0,2.0,1.0,2.0,Ballot a
2004,107,5.0,2.0,1.0,0.0,1.0,4.0,4.0,1.0,4.0,1.0,3.0,3.0,2.0,2.0,2.0,2.0,Ballot b
2004,109,4.0,1.0,1.0,0.0,1.0,4.0,4.0,1.0,4.0,1.0,4.0,4.0,1.0,2.0,3.0,2.0,Ballot a
2004,118,4.0,1.0,1.0,0.0,2.0,4.0,4.0,2.0,3.0,2.0,3.0,3.0,2.0,2.0,2.0,2.0,Ballot a
2004,119,5.0,2.0,3.0,0.0,1.0,3.0,3.0,1.0,3.0,1.0,2.0,2.0,2.0,1.0,1.0,2.0,Ballot b
2004,121,4.0,2.0,2.0,1.0,1.0,3.0,4.0,1.0,3.0,2.0,3.0,3.0,2.0,1.0,2.0,2.0,Ballot c
2004,123,4.0,1.0,2.0,0.0,1.0,4.0,4.0,1.0,4.0,1.0,4.0,4.0,1.0,2.0,1.0,2.0,Ballot c
2004,124,4.0,2.0,2.0,0.0,2.0,3.0,3.0,2.0,3.0,2.0,2.0,2.0,2.0,2.0,2.0,2.0,Ballot c
2004,126,4.0,1.0,2.0,1.0,2.0,3.0,4.0,2.0,4.0,2.0,3.0,3.0,2.0,2.0,1.0,2.0,Ballot a
2004,128,4.0,2.0,1.0,0.0,1.0,4.0,4.0,1.0,4.0,2.0,3.0,3.0,2.0,2.0,1.0,2.0,Ballot c
2004,132,4.0,2.0,3.0,7.0,3.0,3.0,3.0,1.0,3.0,3.0,1.0,1.0,3.0,1.0,2.0,2.0,Ballot c
2004,134,5.0,2.0,1.0,1.0,1.0,4.0,3.0,2.0,4.0,2.0,3.0,2.0,2.0,2.0,2.0,2.0,Ballot b
2004,137,4.0,2.0,2.0,0.0,1.0,4.0,3.0,2.0,3.0,2.0,3.0,4.0,1.0,2.0,1.0,2.0,Ballot b
2004,138,1.0,2.0,2.0,2.0,2.0,3.0,3.0,1.0,3.0,2.0,2.0,3.0,3.0,2.0,1.0,2.0,Ballot a
2004,145,2.0,1.0,1.0,15.0,2.0,3.0,2.0,2.0,1.0,2.0,2.0,1.0,3.0,2.0,3.0,2.0,Ballot b
2004,147,5.0,1.0,1.0,0.0,1.0,4.0,4.0,1.0,4.0,1.0,4.0,4.0,1.0,2.0,1.0,2.0,Ballot a
2004,150,4.0,2.0,3.0,2.0,2.0,2.0,3.0,1.0,4.0,2.0,3.0,3.0,1.0,2.0,1.0,2.0,Ballot c
2004,153,3.0,2.0,2.0,0.0,1.0,4.0,3.0,2.0,3.0,2.0,3.0,3.0,2.0,2.0,1.0,2.0,Ballot b
2004,157,5.0,2.0,2.0,0.0,2.0,4.0,4.0,1.0,4.0,2.0,3.0,3.0,2.0,2.0,2.0,2.0,Ballot b
2004,158,4.0,2.0,2.0,1.0,1.0,4.0,3.0,2.0,3.0,2.0,4.0,3.0,3.0,2.0,1.0,2.0,Ballot c
2004,161,2.0,2.0,2.0,0.0,1.0,3.0,3.0,2.0,3.0,2.0,2.0,3.0,2.0,2.0,2.0,2.0,Ballot a
2004,162,4.0,1.0,2.0,0.0,2.0,3.0,3.0,1.0,3.0,2.0,3.0,4.0,1.0,2.0,5.0,2.0,Ballot b
2004,164,4.0,2.0,2.0,0.0,1.0,4.0,4.0,1.0,4.0,2.0,3.0,3.0,2.0,2.0,1.0,2.0,Ballot c
2004,170,3.0,1.0,1.0,0.0,1.0,4.0,3.0,2.0,4.0,2.0,4.0,4.0,1.0,2.0,2.0,2.0,Ballot b
2004,172,4.0,4.0,2.0,5.0,1.0,4.0,4.0,1.0,4.0,1.0,3.0,3.0,1.0,2.0,1.0,2.0,Ballot c
2004,173,5.0,1.0,2.0,1.0,2.0,4.0,3.0,1.0,4.0,1.0,4.0,1.0,3.0,2.0,2.0,2.0,Ballot b
2004,180,4.0,1.0,2.0,0.0,1.0,4.0,3.0,1.0,4.0,2.0,3.0,4.0,2.0,2.0,2.0,2.0,Ballot c
2004,186,4.0,1.0,2.0,0.0,2.0,3.0,3.0,2.0,3.0,2.0,3.0,3.0,1.0,2.0,1.0,2.0,Ballot b
2004,190,4.0,1.0,1.0,0.0,2.0,4.0,4.0,2.0,4.0,1.0,3.0,3.0,1.0,2.0,1.0,2.0,Ballot c
2004,196,5.0,1.0,3.0,5.0,1.0,3.0,3.0,1.0,2.0,2.0,2.0,3.0,2.0,2.0,2.0,2.0,Ballot b
2004,197,4.0,1.0,1.0,0.0,2.0,4.0,3.0,2.0,3.0,2.0,3.0,3.0,2.0,2.0,2.0,2.0,Ballot a
2004,200,3.0,3.0,2.0,2.0,1.0,3.0,1.0,1.0,3.0,2.0,3.0,3.0,1.0,2.0,1.0,2.0,Ballot b
2004,201,4.0,1.0,2.0,0.0,1.0,3.0,3.0,2.0,3.0,2.0,2.0,2.0,2.0,2.0,2.0,2.0,Ballot c
2004,208,7.0,1.0,1.0,0.0,1.0,4.0,3.0,1.0,4.0,1.0,3.0,3.0,1.0,2.0,1.0,2.0,Ballot a
2004,209,4.0,2.0,2.0,2.0,2.0,4.0,3.0,2.0,3.0,2.0,3.0,2.0,2.0,2.0,2.0,2.0,Ballot c
2004,221,2.0,2.0,2.0,2.0,2.0,3.0,1.0,2.0,1.0,2.0,2.0,2.0,3.0,2.0,3.0,2.0,Ballot a
2004,224,5.0,1.0,2.0,2.0,2.0,4.0,4.0,1.0,4.0,1.0,4.0,4.0,1.0,2.0,2.0,2.0,Ballot b
2004,226,4.0,2.0,2.0,4.0,2.0,3.0,3.0,1.0,3.0,2.0,3.0,3.0,2.0,2.0,2.0,2.0,Ballot c
2004,228,2.0,2.0,1.0,6.0,2.0,3.0,2.0,1.0,3.0,4.0,4.0,3.0,2.0,2.0,2.0,2.0,Ballot b
2004,231,5.0,2.0,3.0,3.0,1.0,3.0,3.0,1.0,4.0,1.0,2.0,3.0,1.0,1.0,2.0,2.0,Ballot b
2004,234,2.0,1.0,2.0,10.0,2.0,3.0,3.0,1.0,4.0,2.0,3.0,3.0,2.0,2.0,3.0,2.0,Ballot a
2004,236,3.0,2.0,2.0,0.0,1.0,4.0,3.0,1.0,4.0,1.0,4.0,4.0,1.0,2.0,2.0,2.0,Ballot a
2004,245,1.0,1.0,1.0,0.0,2.0,4.0,4.0,4.0,4.0,3.0,4.0,4.0,4.0,2.0,2.0,2.0,Ballot a
2004,249,2.0,1.0,2.0,10.0,2.0,3.0,3.0,2.0,4.0,2.0,3.0,4.0,2.0,2.0,1.0,2.0,Ballot b
2004,251,5.0,4.0,2.0,0.0,2.0,4.0,4.0,1.0,3.0,2.0,3.0,3.0,1.0,2.0,2.0,2.0,Ballot a
2004,257,4.0,1.0,2.0,5.0,2.0,4.0,2.0,1.0,2.0,3.0,3.0,3.0,1.0,2.0,3.0,2.0,Ballot c
2004,263,2.0,4.0,3.0,30.0,2.0,3.0,1.0,1.0,3.0,2.0,2.0,2.0,3.0,2.0,2.0,2.0,Ballot a
2004,274,3.0,2.0,2.0,5.0,2.0,4.0,3.0,2.0,4.0,2.0,4.0,4.0,2.0,2.0,2.0,2.0,Ballot a
2004,275,4.0,2.0,3.0,20.0,2.0,3.0,3.0,1.0,3.0,1.0,3.0,3.0,3.0,1.0,1.0,2.0,Ballot c
2004,279,4.0,2.0,2.0,8.0,2.0,3.0,2.0,2.0,2.0,2.0,3.0,3.0,2.0,2.0,1.0,2.0,Ballot c
2004,282,4.0,1.0,3.0,5.0,2.0,4.0,3.0,1.0,1.0,3.0,2.0,2.0,2.0,1.0,1.0,2.0,Ballot b
2004,283,4.0,1.0,1.0,0.0,1.0,4.0,3.0,1.0,2.0,2.0,3.0,3.0,1.0,2.0,1.0,2.0,Ballot c
2004,288,4.0,2.0,1.0,3.0,2.0,4.0,3.0,1.0,3.0,2.0,3.0,4.0,2.0,2.0,1.0,2.0,Ballot c
2004,297,4.0,1.0,2.0,1.0,2.0,3.0,2.0,2.0,3.0,2.0,3.0,2.0,2.0,2.0,2.0,2.0,Ballot a
2004,303,4.0,3.0,2.0,0.0,1.0,4.0,4.0,4.0,4.0,4.0,4.0,1.0,1.0,1.0,1.0,2.0,Ballot c
2004,306,4.0,1.0,1.0,0.0,1.0,4.0,4.0,1.0,4.0,1.0,3.0,1.0,1.0,2.0,5.0,2.0,Ballot b
2004,307,5.0,2.0,1.0,0.0,2.0,3.0,2.0,1.0,3.0,2.0,3.0,3.0,1.0,2.0,3.0,2.0,Ballot a
2004,308,5.0,1.0,2.0,0.0,1.0,3.0,3.0,1.0,4.0,2.0,3.0,2.0,2.0,1.0,1.0,2.0,Ballot b
2004,310,1.0,2.0,1.0,5.0,1.0,3.0,3.0,4.0,3.0,2.0,3.0,3.0,2.0,2.0,1.0,2.0,Ballot b
2004,312,3.0,2.0,2.0,3.0,2.0,3.0,2.0,2.0,3.0,2.0,3.0,3.0,2.0,2.0,1.0,2.0,Ballot a
2004,315,5.0,2.0,2.0,1.0,1.0,4.0,2.0,2.0,3.0,2.0,3.0,3.0,2.0,2.0,1.0,2.0,Ballot a
2004,318,4.0,2.0,3.0,10.0,3.0,2.0,2.0,2.0,2.0,3.0,2.0,3.0,3.0,2.0,2.0,2.0,Ballot c
2004,319,4.0,2.0,1.0,3.0,3.0,3.0,2.0,2.0,1.0,3.0,3.0,3.0,3.0,2.0,1.0,2.0,Ballot b
2004,321,4.0,1.0,2.0,5.0,1.0,3.0,3.0,2.0,3.0,1.0,3.0,2.0,2.0,2.0,1.0,2.0,Ballot c
2004,325,4.0,2.0,3.0,0.0,1.0,3.0,3.0,2.0,3.0,2.0,3.0,3.0,2.0,2.0,2.0,2.0,Ballot a
2004,327,3.0,1.0,1.0,0.0,2.0,4.0,4.0,1.0,4.0,2.0,3.0,3.0,2.0,2.0,2.0,2.0,Ballot a
2004,329,4.0,3.0,1.0,0.0,1.0,4.0,3.0,2.0,3.0,2.0,3.0,3.0,2.0,2.0,1.0,2.0,Ballot c
2004,332,3.0,2.0,3.0,0.0,1.0,4.0,2.0,1.0,4.0,1.0,3.0,4.0,1.0,2.0,3.0,2.0,Ballot b
2004,341,4.0,3.0,2.0,5.0,1.0,4.0,3.0,2.0,2.0,3.0,3.0,3.0,2.0,2.0,1.0,2.0,Ballot c
2004,343,5.0,4.0,2.0,0.0,2.0,2.0,1.0,2.0,1.0,4.0,3.0,3.0,1.0,2.0,1.0,1.0,Ballot b
2004,347,3.0,2.0,1.0,3.0,2.0,4.0,2.0,1.0,3.0,1.0,3.0,3.0,2.0,2.0,1.0,2.0,Ballot b
2004,348,4.0,2.0,2.0,2.0,2.0,4.0,3.0,1.0,4.0,1.0,4.0,4.0,1.0,2.0,4.0,2.0,Ballot a
2004,352,4.0,1.0,3.0,4.0,2.0,4.0,2.0,1.0,3.0,2.0,3.0,3.0,2.0,1.0,1.0,2.0,Ballot b
2004,362,4.0,3.0,2.0,0.0,2.0,3.0,3.0,2.0,2.0,3.0,2.0,2.0,2.0,2.0,3.0,2.0,Ballot c
2004,364,4.0,2.0,3.0,10.0,1.0,4.0,2.0,1.0,4.0,3.0,2.0,2.0,2.0,2.0,1.0,2.0,Ballot a
2004,367,4.0,2.0,1.0,0.0,1.0,4.0,4.0,1.0,4.0,2.0,3.0,3.0,2.0,2.0,1.0,2.0,Ballot c
2004,368,3.0,2.0,2.0,1.0,1.0,4.0,3.0,1.0,4.0,2.0,3.0,3.0,2.0,2.0,1.0,2.0,Ballot b
2004,376,5.0,1.0,1.0,0.0,1.0,4.0,3.0,1.0,4.0,1.0,2.0,2.0,2.0,2.0,1.0,2.0,Ballot a
2004,379,4.0,2.0,2.0,0.0,2.0,3.0,1.0,1.0,4.0,1.0,3.0,3.0,3.0,2.0,1.0,2.0,Ballot b
2004,380,4.0,4.0,1.0,5.0,2.0,3.0,2.0,1.0,2.0,1.0,2.0,3.0,4.0,1.0,4.0,2.0,Ballot c
2004,383,3.0,1.0,1.0,0.0,1.0,4.0,3.0,1.0,4.0,1.0,4.0,4.0,1.0,2.0,1.0,2.0,Ballot b
2004,384,2.0,1.0,3.0,0.0,2.0,2.0,2.0,2.0,2.0,2.0,2.0,2.0,3.0,1.0,3.0,2.0,Ballot a
2004,398,3.0,2.0,1.0,2.0,2.0,3.0,3.0,2.0,3.0,2.0,3.0,3.0,2.0,2.0,1.0,2.0,Ballot a
2004,399,3.0,1.0,1.0,3.0,2.0,4.0,3.0,1.0,4.0,1.0,4.0,4.0,2.0,2.0,2.0,2.0,Ballot a
2004,400,4.0,1.0,1.0,3.0,2.0,3.0,3.0,1.0,3.0,1.0,3.0,3.0,2.0,2.0,2.0,2.0,Ballot c
2004,404,4.0,1.0,2.0,15.0,2.0,4.0,3.0,1.0,4.0,2.0,3.0,3.0,1.0,2.0,1.0,2.0,Ballot c
2004,406,2.0,1.0,3.0,20.0,1.0,4.0,2.0,1.0,3.0,2.0,4.0,3.0,2.0,2.0,2.0,2.0,Ballot b
2004,408,4.0,1.0,2.0,2.0,1.0,3.0,2.0,1.0,3.0,2.0,3.0,3.0,2.0,2.0,1.0,2.0,Ballot c
2004,411,3.0,4.0,3.0,5.0,3.0,3.0,3.0,2.0,2.0,4.0,3.0,3.0,3.0,2.0,1.0,2.0,Ballot a
2004,415,2.0,1.0,2.0,0.0,1.0,4.0,4.0,1.0,4.0,2.0,3.0,4.0,2.0,2.0,1.0,2.0,Ballot b
2004,416,5.0,2.0,3.0,0.0,2.0,3.0,3.0,2.0,3.0,2.0,3.0,3.0,2.0,2.0,2.0,2.0,Ballot a
2004,423,3.0,1.0,2.0,0.0,1.0,4.0,4.0,3.0,4.0,2.0,4.0,4.0,1.0,2.0,1.0,2.0,Ballot a
2004,426,5.0,2.0,2.0,10.0,2.0,4.0,4.0,1.0,4.0,1.0,4.0,3.0,1.0,2.0,1.0,2.0,Ballot b
2004,428,4.0,1.0,1.0,0.0,2.0,4.0,2.0,1.0,4.0,1.0,4.0,2.0,2.0,2.0,1.0,2.0,Ballot c
2004,429,4.0,1.0,2.0,11.0,2.0,4.0,4.0,1.0,4.0,1.0,4.0,3.0,1.0,2.0,1.0,2.0,Ballot c
2004,437,5.0,2.0,1.0,0.0,2.0,4.0,4.0,1.0,4.0,2.0,3.0,3.0,2.0,2.0,1.0,2.0,Ballot b
2004,438,3.0,1.0,2.0,0.0,2.0,4.0,3.0,2.0,4.0,1.0,4.0,3.0,2.0,2.0,1.0,2.0,Ballot a
2004,439,5.0,1.0,2.0,0.0,1.0,4.0,4.0,2.0,4.0,2.0,3.0,3.0,2.0,2.0,1.0,2.0,Ballot a
2004,440,5.0,2.0,2.0,0.0,2.0,4.0,4.0,1.0,4.0,2.0,3.0,3.0,2.0,2.0,2.0,2.0,Ballot a
2004,451,5.0,1.0,2.0,0.0,1.0,4.0,3.0,1.0,4.0,4.0,3.0,4.0,1.0,2.0,2.0,2.0,Ballot a
2004,454,4.0,4.0,2.0,0.0,2.0,4.0,3.0,1.0,3.0,2.0,3.0,3.0,2.0,2.0,1.0,2.0,Ballot c
2004,456,7.0,3.0,3.0,8.0,2.0,4.0,4.0,1.0,4.0,1.0,4.0,4.0,1.0,2.0,2.0,2.0,Ballot b
2004,458,4.0,1.0,1.0,20.0,2.0,3.0,3.0,2.0,2.0,2.0,3.0,3.0,2.0,2.0,2.0,2.0,Ballot c
2004,461,1.0,3.0,3.0,0.0,2.0,3.0,3.0,1.0,3.0,2.0,3.0,3.0,2.0,2.0,2.0,2.0,Ballot a
2004,463,3.0,1.0,1.0,0.0,2.0,1.0,3.0,1.0,4.0,2.0,4.0,3.0,2.0,2.0,1.0,2.0,Ballot a
2004,464,4.0,1.0,2.0,2.0,2.0,3.0,3.0,1.0,2.0,2.0,4.0,3.0,2.0,2.0,2.0,2.0,Ballot c
2004,469,4.0,1.0,2.0,0.0,1.0,3.0,3.0,1.0,4.0,1.0,3.0,3.0,2.0,Unknown,1.0,2.0,Ballot a
2004,473,4.0,1.0,3.0,0.0,1.0,3.0,3.0,2.0,3.0,2.0,4.0,3.0,2.0,2.0,2.0,2.0,Ballot c
2004,479,6.0,4.0,3.0,0.0,2.0,2.0,2.0,2.0,2.0,2.0,2.0,2.0,2.0,1.0,1.0,2.0,Ballot b
2004,480,4.0,1.0,2.0,0.0,2.0,4.0,3.0,2.0,3.0,1.0,3.0,3.0,1.0,2.0,2.0,2.0,Ballot c
2004,481,4.0,2.0,1.0,4.0,2.0,4.0,3.0,2.0,3.0,2.0,3.0,3.0,2.0,2.0,1.0,2.0,Ballot a
2004,482,2.0,2.0,2.0,0.0,1.0,4.0,4.0,1.0,4.0,1.0,3.0,3.0,2.0,2.0,1.0,2.0,Ballot b
2004,484,4.0,1.0,2.0,0.0,2.0,3.0,3.0,1.0,3.0,1.0,3.0,3.0,2.0,2.0,4.0,2.0,Ballot c
2004,491,4.0,2.0,3.0,2.0,2.0,4.0,2.0,2.0,4.0,2.0,4.0,3.0,3.0,1.0,2.0,2.0,Ballot c
2004,494,5.0,2.0,3.0,5.0,2.0,2.0,2.0,2.0,3.0,2.0,2.0,2.0,1.0,2.0,1.0,2.0,Ballot a
2004,495,7.0,1.0,1.0,0.0,1.0,1.0,1.0,1.0,4.0,1.0,2.0,1.0,1.0,2.0,1.0,2.0,Ballot b
2004,503,4.0,1.0,3.0,0.0,2.0,4.0,2.0,2.0,3.0,2.0,3.0,3.0,2.0,2.0,2.0,2.0,Ballot b
2004,505,6.0,1.0,3.0,7.0,2.0,2.0,2.0,2.0,2.0,2.0,3.0,2.0,3.0,2.0,2.0,2.0,Ballot a
2004,506,2.0,2.0,2.0,10.0,2.0,4.0,3.0,2.0,3.0,2.0,3.0,4.0,2.0,2.0,2.0,2.0,Ballot a
2004,517,3.0,2.0,2.0,0.0,1.0,4.0,4.0,1.0,4.0,1.0,4.0,4.0,1.0,2.0,1.0,2.0,Ballot a
2004,527,4.0,2.0,2.0,20.0,2.0,4.0,2.0,2.0,3.0,1.0,3.0,3.0,2.0,2.0,3.0,2.0,Ballot c
2004,531,4.0,1.0,1.0,0.0,2.0,4.0,4.0,1.0,4.0,1.0,4.0,4.0,2.0,1.0,1.0,2.0,Ballot a
2004,532,2.0,1.0,1.0,5.0,2.0,2.0,1.0,2.0,2.0,1.0,3.0,2.0,2.0,2.0,1.0,2.0,Ballot b
2004,538,4.0,1.0,1.0,0.0,1.0,3.0,3.0,2.0,3.0,3.0,3.0,3.0,2.0,2.0,2.0,2.0,Ballot c
2004,541,5.0,1.0,1.0,0.0,1.0,4.0,4.0,1.0,4.0,2.0,3.0,4.0,1.0,1.0,2.0,2.0,Ballot b
2004,547,3.0,1.0,1.0,0.0,1.0,4.0,4.0,1.0,4.0,1.0,3.0,4.0,1.0,2.0,1.0,2.0,Ballot b
2004,549,4.0,1.0,2.0,6.0,1.0,4.0,2.0,1.0,4.0,1.0,3.0,4.0,1.0,2.0,1.0,2.0,Ballot b
2004,550,4.0,1.0,2.0,0.0,2.0,3.0,1.0,2.0,3.0,2.0,3.0,3.0,1.0,2.0,3.0,2.0,Ballot b
2004,551,3.0,2.0,2.0,0.0,2.0,4.0,4.0,1.0,4.0,2.0,3.0,4.0,1.0,2.0,1.0,2.0,Ballot a
2004,553,3.0,2.0,2.0,25.0,2.0,3.0,2.0,1.0,3.0,1.0,2.0,3.0,2.0,2.0,1.0,2.0,Ballot b
2004,557,7.0,1.0,1.0,2.0,1.0,1.0,4.0,1.0,4.0,1.0,4.0,4.0,1.0,2.0,1.0,2.0,Ballot b
2004,558,4.0,1.0,3.0,20.0,2.0,4.0,4.0,1.0,4.0,2.0,2.0,2.0,2.0,2.0,1.0,2.0,Ballot c
2004,562,1.0,1.0,1.0,30.0,2.0,3.0,2.0,2.0,2.0,3.0,2.0,2.0,2.0,2.0,2.0,2.0,Ballot a
2004,565,2.0,1.0,2.0,0.0,2.0,4.0,4.0,1.0,4.0,2.0,4.0,4.0,1.0,2.0,2.0,2.0,Ballot b
2004,570,4.0,2.0,2.0,0.0,2.0,4.0,4.0,2.0,4.0,2.0,4.0,3.0,1.0,2.0,3.0,2.0,Ballot a
2004,571,4.0,1.0,2.0,0.0,2.0,3.0,3.0,2.0,3.0,1.0,3.0,4.0,2.0,2.0,1.0,2.0,Ballot a
2004,573,4.0,2.0,2.0,2.0,2.0,3.0,4.0,2.0,4.0,2.0,3.0,3.0,2.0,2.0,2.0,2.0,Ballot c
2004,574,5.0,1.0,3.0,10.0,2.0,4.0,4.0,2.0,4.0,2.0,4.0,4.0,2.0,2.0,2.0,2.0,Ballot b
2004,576,4.0,2.0,2.0,0.0,1.0,3.0,3.0,1.0,3.0,1.0,3.0,1.0,1.0,2.0,1.0,2.0,Ballot c
2004,578,5.0,3.0,2.0,0.0,2.0,3.0,2.0,2.0,3.0,1.0,3.0,3.0,2.0,2.0,3.0,2.0,Ballot a
2004,581,4.0,1.0,3.0,0.0,1.0,4.0,4.0,1.0,4.0,1.0,4.0,4.0,1.0,2.0,2.0,2.0,Ballot b
2004,584,3.0,1.0,3.0,2.0,2.0,4.0,4.0,2.0,4.0,2.0,4.0,3.0,3.0,2.0,2.0,2.0,Ballot a
2004,586,7.0,1.0,2.0,30.0,1.0,4.0,1.0,1.0,3.0,1.0,3.0,1.0,2.0,2.0,1.0,2.0,Ballot b
2004,591,2.0,3.0,3.0,2.0,2.0,3.0,3.0,2.0,3.0,2.0,2.0,2.0,2.0,2.0,2.0,2.0,Ballot a
2004,592,4.0,1.0,3.0,0.0,2.0,3.0,2.0,2.0,3.0,3.0,3.0,3.0,2.0,2.0,2.0,2.0,Ballot c
2004,594,2.0,1.0,1.0,0.0,1.0,4.0,4.0,1.0,4.0,1.0,4.0,4.0,1.0,2.0,1.0,2.0,Ballot a
2004,597,4.0,2.0,3.0,5.0,3.0,2.0,3.0,3.0,4.0,2.0,2.0,2.0,2.0,1.0,4.0,2.0,Ballot b
2004,601,2.0,1.0,3.0,2.0,1.0,4.0,4.0,1.0,4.0,1.0,3.0,3.0,1.0,2.0,2.0,2.0,Ballot a
2004,602,4.0,2.0,3.0,10.0,3.0,1.0,1.0,2.0,1.0,2.0,1.0,1.0,4.0,2.0,3.0,2.0,Ballot c
2004,605,3.0,1.0,3.0,0.0,2.0,3.0,2.0,1.0,3.0,2.0,3.0,3.0,2.0,2.0,2.0,2.0,Ballot b
2004,606,4.0,1.0,2.0,2.0,1.0,4.0,4.0,1.0,3.0,2.0,2.0,3.0,2.0,2.0,1.0,2.0,Ballot c
2004,607,4.0,1.0,1.0,5.0,1.0,4.0,4.0,1.0,4.0,2.0,4.0,4.0,1.0,2.0,1.0,2.0,Ballot c
2004,609,3.0,1.0,2.0,1.0,1.0,4.0,4.0,1.0,4.0,1.0,4.0,4.0,1.0,2.0,1.0,2.0,Ballot b
2004,612,3.0,2.0,1.0,2.0,2.0,4.0,3.0,2.0,3.0,3.0,3.0,3.0,2.0,2.0,2.0,2.0,Ballot b
2004,613,5.0,2.0,2.0,0.0,2.0,3.0,2.0,1.0,2.0,2.0,3.0,3.0,2.0,2.0,1.0,2.0,Ballot b
2004,614,5.0,2.0,1.0,0.0,2.0,4.0,2.0,4.0,4.0,2.0,3.0,4.0,1.0,2.0,1.0,2.0,Ballot a
2004,619,3.0,2.0,3.0,0.0,2.0,3.0,3.0,2.0,3.0,2.0,2.0,3.0,2.0,2.0,2.0,2.0,Ballot a
2004,620,3.0,1.0,2.0,5.0,1.0,4.0,2.0,1.0,3.0,2.0,4.0,4.0,1.0,2.0,1.0,2.0,Ballot a
2004,623,4.0,2.0,3.0,2.0,2.0,3.0,4.0,2.0,3.0,2.0,3.0,4.0,1.0,2.0,2.0,2.0,Ballot c
2004,626,7.0,1.0,2.0,0.0,1.0,3.0,3.0,1.0,3.0,1.0,3.0,3.0,1.0,1.0,1.0,2.0,Ballot b
2004,628,2.0,1.0,1.0,0.0,1.0,3.0,3.0,1.0,4.0,2.0,3.0,3.0,1.0,2.0,1.0,2.0,Ballot b
2004,632,5.0,1.0,2.0,0.0,2.0,4.0,4.0,1.0,4.0,1.0,3.0,3.0,1.0,2.0,2.0,2.0,Ballot b
2004,633,3.0,1.0,3.0,0.0,1.0,4.0,4.0,1.0,4.0,1.0,3.0,3.0,1.0,2.0,1.0,2.0,Ballot a
2004,634,7.0,3.0,2.0,2.0,2.0,3.0,3.0,2.0,3.0,3.0,3.0,3.0,2.0,2.0,1.0,2.0,Ballot b
2004,640,4.0,2.0,2.0,3.0,3.0,2.0,3.0,2.0,2.0,2.0,3.0,3.0,2.0,2.0,2.0,2.0,Ballot a
2004,641,2.0,1.0,1.0,1.0,1.0,4.0,4.0,1.0,4.0,2.0,4.0,4.0,1.0,2.0,1.0,2.0,Ballot b
2004,644,3.0,1.0,2.0,0.0,1.0,1.0,1.0,1.0,3.0,2.0,3.0,2.0,2.0,1.0,2.0,2.0,Ballot b
2004,650,1.0,1.0,2.0,1.0,2.0,3.0,3.0,2.0,3.0,2.0,3.0,3.0,2.0,1.0,1.0,2.0,Ballot b
2004,661,3.0,2.0,3.0,2.0,3.0,3.0,2.0,1.0,3.0,2.0,3.0,3.0,1.0,2.0,1.0,2.0,Ballot b
2004,663,2.0,3.0,3.0,0.0,2.0,4.0,3.0,2.0,3.0,2.0,2.0,3.0,2.0,1.0,2.0,2.0,Ballot a
2004,670,4.0,1.0,2.0,1.0,1.0,4.0,3.0,1.0,4.0,1.0,3.0,3.0,2.0,2.0,2.0,2.0,Ballot a
2004,671,4.0,2.0,2.0,1.0,2.0,3.0,3.0,1.0,4.0,1.0,2.0,2.0,1.0,2.0,3.0,2.0,Ballot b
2004,673,5.0,2.0,2.0,0.0,1.0,3.0,3.0,2.0,3.0,2.0,3.0,2.0,2.0,2.0,2.0,2.0,Ballot a
2004,674,4.0,1.0,2.0,0.0,2.0,3.0,3.0,2.0,3.0,2.0,3.0,3.0,2.0,1.0,1.0,2.0,Ballot c
2004,675,5.0,2.0,2.0,2.0,2.0,3.0,3.0,2.0,3.0,2.0,3.0,3.0,2.0,2.0,2.0,2.0,Ballot a
2004,677,2.0,1.0,2.0,4.0,2.0,3.0,3.0,1.0,4.0,2.0,2.0,3.0,2.0,2.0,1.0,2.0,Ballot b
2004,680,4.0,2.0,2.0,0.0,1.0,4.0,4.0,1.0,4.0,1.0,4.0,4.0,1.0,2.0,1.0,2.0,Ballot c
2004,689,3.0,2.0,1.0,10.0,2.0,2.0,2.0,2.0,2.0,2.0,2.0,2.0,2.0,2.0,3.0,2.0,Ballot a
2004,695,4.0,1.0,2.0,0.0,1.0,3.0,3.0,2.0,3.0,2.0,3.0,3.0,2.0,2.0,1.0,2.0,Ballot c
2004,702,4.0,2.0,3.0,0.0,2.0,4.0,4.0,1.0,4.0,2.0,4.0,4.0,1.0,2.0,1.0,2.0,Ballot c
2004,703,2.0,1.0,3.0,10.0,2.0,4.0,4.0,1.0,4.0,1.0,4.0,1.0,1.0,2.0,1.0,2.0,Ballot a
2004,707,5.0,4.0,3.0,0.0,1.0,4.0,4.0,1.0,4.0,1.0,4.0,4.0,1.0,2.0,1.0,2.0,Ballot a
2004,711,4.0,3.0,3.0,1.0,1.0,4.0,2.0,1.0,4.0,1.0,2.0,4.0,1.0,2.0,1.0,2.0,Ballot b
2004,712,2.0,1.0,1.0,0.0,1.0,4.0,4.0,1.0,4.0,1.0,4.0,4.0,1.0,2.0,1.0,2.0,Ballot b
2004,716,6.0,1.0,3.0,2.0,2.0,4.0,3.0,1.0,4.0,1.0,4.0,4.0,1.0,2.0,2.0,2.0,Ballot a
2004,720,4.0,1.0,1.0,0.0,1.0,4.0,4.0,1.0,4.0,2.0,4.0,4.0,1.0,2.0,2.0,2.0,Ballot c
2004,727,4.0,1.0,1.0,0.0,1.0,4.0,4.0,1.0,4.0,2.0,4.0,4.0,2.0,2.0,1.0,2.0,Ballot a
2004,731,4.0,1.0,1.0,0.0,1.0,4.0,4.0,1.0,4.0,1.0,4.0,4.0,1.0,2.0,1.0,2.0,Ballot b
2004,732,5.0,1.0,1.0,0.0,1.0,4.0,4.0,1.0,4.0,3.0,2.0,2.0,2.0,2.0,2.0,2.0,Ballot b
2004,736,7.0,4.0,3.0,25.0,3.0,2.0,4.0,1.0,3.0,2.0,2.0,2.0,3.0,2.0,2.0,2.0,Ballot a
2004,737,3.0,1.0,1.0,0.0,1.0,4.0,4.0,1.0,4.0,1.0,2.0,3.0,1.0,2.0,1.0,2.0,Ballot b
2004,739,2.0,1.0,2.0,0.0,1.0,3.0,3.0,2.0,3.0,2.0,3.0,2.0,2.0,1.0,2.0,2.0,Ballot b
2004,740,4.0,2.0,2.0,0.0,1.0,4.0,3.0,1.0,4.0,2.0,2.0,3.0,1.0,2.0,2.0,2.0,Ballot c
2004,743,2.0,2.0,3.0,2.0,2.0,4.0,2.0,1.0,4.0,1.0,3.0,3.0,2.0,2.0,1.0,2.0,Ballot a
2004,745,2.0,1.0,1.0,0.0,1.0,4.0,4.0,1.0,4.0,2.0,4.0,3.0,1.0,2.0,2.0,2.0,Ballot b
2004,747,4.0,1.0,1.0,0.0,1.0,4.0,4.0,1.0,4.0,1.0,2.0,3.0,1.0,2.0,2.0,2.0,Ballot c
2004,752,4.0,2.0,3.0,14.0,2.0,3.0,3.0,1.0,3.0,2.0,1.0,1.0,2.0,2.0,1.0,2.0,Ballot c
2004,753,3.0,1.0,1.0,0.0,2.0,3.0,3.0,2.0,4.0,1.0,2.0,4.0,1.0,2.0,2.0,2.0,Ballot b
2004,757,3.0,1.0,2.0,0.0,1.0,4.0,4.0,1.0,4.0,1.0,4.0,3.0,1.0,2.0,3.0,2.0,Ballot a
2004,760,7.0,2.0,2.0,10.0,2.0,4.0,4.0,1.0,4.0,1.0,4.0,4.0,1.0,2.0,2.0,2.0,Ballot a
2004,761,3.0,2.0,3.0,1.0,2.0,3.0,2.0,1.0,3.0,4.0,3.0,3.0,2.0,2.0,1.0,2.0,Ballot a
2004,765,5.0,2.0,3.0,20.0,3.0,3.0,2.0,1.0,4.0,1.0,2.0,2.0,1.0,2.0,1.0,2.0,Ballot b
2004,771,3.0,3.0,3.0,20.0,3.0,3.0,1.0,2.0,2.0,3.0,3.0,2.0,3.0,1.0,2.0,2.0,Ballot a
2004,772,4.0,2.0,2.0,12.0,2.0,3.0,4.0,1.0,4.0,2.0,3.0,3.0,2.0,2.0,2.0,2.0,Ballot c
2004,774,4.0,3.0,1.0,3.0,2.0,3.0,3.0,2.0,3.0,3.0,3.0,3.0,2.0,2.0,1.0,2.0,Ballot c
2004,775,3.0,1.0,1.0,0.0,1.0,4.0,4.0,2.0,3.0,2.0,4.0,4.0,1.0,2.0,2.0,2.0,Ballot b
2004,776,2.0,1.0,1.0,2.0,1.0,4.0,3.0,1.0,2.0,2.0,3.0,4.0,1.0,1.0,1.0,2.0,Ballot a
2004,778,3.0,3.0,1.0,3.0,2.0,4.0,3.0,1.0,3.0,1.0,4.0,4.0,1.0,2.0,2.0,2.0,Ballot b
2004,779,3.0,1.0,1.0,3.0,2.0,4.0,2.0,1.0,3.0,3.0,3.0,3.0,2.0,2.0,2.0,2.0,Ballot a
2004,782,4.0,1.0,1.0,1.0,1.0,3.0,3.0,1.0,4.0,2.0,3.0,3.0,1.0,2.0,1.0,2.0,Ballot c
2004,785,5.0,2.0,2.0,0.0,1.0,4.0,2.0,1.0,2.0,2.0,3.0,3.0,2.0,2.0,1.0,2.0,Ballot b
2004,786,3.0,1.0,1.0,0.0,1.0,4.0,4.0,1.0,4.0,2.0,3.0,3.0,2.0,2.0,1.0,2.0,Ballot a
2004,787,4.0,1.0,2.0,20.0,2.0,3.0,2.0,1.0,4.0,1.0,3.0,3.0,1.0,2.0,1.0,2.0,Ballot c
2004,791,3.0,1.0,3.0,3.0,4.0,3.0,1.0,1.0,2.0,3.0,1.0,1.0,3.0,1.0,1.0,2.0,Ballot b
2004,792,3.0,1.0,1.0,3.0,1.0,4.0,4.0,1.0,4.0,2.0,4.0,4.0,1.0,2.0,1.0,2.0,Ballot a
2004,793,4.0,2.0,1.0,0.0,2.0,4.0,4.0,1.0,4.0,3.0,3.0,3.0,1.0,2.0,1.0,2.0,Ballot b
2004,804,2.0,1.0,2.0,0.0,2.0,3.0,3.0,2.0,3.0,2.0,3.0,3.0,2.0,2.0,2.0,2.0,Ballot b
2004,806,2.0,2.0,3.0,3.0,1.0,1.0,4.0,3.0,4.0,2.0,2.0,3.0,1.0,2.0,2.0,2.0,Ballot a
2004,812,2.0,2.0,3.0,0.0,2.0,3.0,3.0,2.0,2.0,2.0,2.0,2.0,2.0,2.0,1.0,2.0,Ballot a
2004,815,1.0,1.0,1.0,25.0,2.0,4.0,2.0,1.0,3.0,2.0,3.0,3.0,1.0,2.0,1.0,2.0,Ballot b
2004,817,4.0,2.0,3.0,5.0,2.0,3.0,2.0,2.0,3.0,3.0,3.0,3.0,2.0,2.0,2.0,2.0,Ballot c
2004,818,4.0,2.0,3.0,7.0,2.0,3.0,2.0,2.0,3.0,2.0,2.0,2.0,2.0,2.0,2.0,2.0,Ballot a
2004,819,3.0,2.0,3.0,20.0,3.0,2.0,2.0,2.0,2.0,2.0,1.0,2.0,3.0,1.0,3.0,1.0,Ballot b
2004,822,4.0,1.0,2.0,0.0,2.0,4.0,3.0,2.0,4.0,2.0,3.0,3.0,2.0,2.0,2.0,2.0,Ballot c
2004,823,6.0,1.0,3.0,0.0,2.0,3.0,3.0,2.0,3.0,2.0,3.0,2.0,1.0,2.0,1.0,2.0,Ballot a
2004,825,1.0,3.0,2.0,5.0,1.0,4.0,3.0,2.0,3.0,2.0,3.0,4.0,1.0,2.0,2.0,2.0,Ballot a
2004,827,2.0,3.0,3.0,0.0,2.0,4.0,3.0,1.0,3.0,2.0,3.0,3.0,1.0,2.0,2.0,2.0,Ballot b
2004,830,2.0,2.0,3.0,0.0,2.0,3.0,3.0,1.0,3.0,1.0,3.0,2.0,2.0,2.0,1.0,2.0,Ballot a
2004,832,6.0,2.0,3.0,10.0,3.0,3.0,2.0,3.0,2.0,3.0,2.0,2.0,3.0,1.0,2.0,2.0,Ballot a
2004,834,4.0,1.0,3.0,0.0,1.0,3.0,4.0,1.0,4.0,2.0,3.0,3.0,2.0,2.0,1.0,2.0,Ballot c
2004,837,3.0,1.0,2.0,7.0,2.0,3.0,3.0,1.0,3.0,1.0,3.0,4.0,1.0,2.0,2.0,2.0,Ballot b
2004,838,6.0,1.0,3.0,7.0,2.0,2.0,2.0,3.0,3.0,2.0,3.0,2.0,1.0,1.0,1.0,2.0,Ballot a
2004,839,2.0,2.0,1.0,0.0,2.0,3.0,3.0,2.0,2.0,2.0,3.0,3.0,2.0,2.0,2.0,2.0,Ballot b
2004,840,4.0,2.0,1.0,2.0,1.0,4.0,3.0,1.0,4.0,1.0,4.0,4.0,4.0,2.0,1.0,2.0,Ballot c
2004,845,4.0,1.0,1.0,0.0,2.0,3.0,3.0,2.0,3.0,2.0,3.0,3.0,2.0,2.0,1.0,2.0,Ballot c
2004,857,2.0,3.0,2.0,10.0,2.0,3.0,3.0,2.0,3.0,2.0,2.0,2.0,2.0,2.0,2.0,2.0,Ballot b
2004,882,4.0,3.0,3.0,30.0,3.0,1.0,2.0,2.0,2.0,2.0,3.0,3.0,2.0,2.0,1.0,2.0,Ballot c
2004,883,4.0,1.0,3.0,0.0,2.0,4.0,4.0,1.0,4.0,1.0,3.0,4.0,1.0,2.0,1.0,2.0,Ballot c
2004,888,5.0,2.0,3.0,23.0,2.0,4.0,4.0,1.0,4.0,1.0,3.0,4.0,1.0,1.0,1.0,2.0,Ballot a
2004,890,4.0,1.0,1.0,0.0,2.0,4.0,4.0,1.0,4.0,2.0,4.0,4.0,1.0,2.0,1.0,2.0,Ballot b
2004,907,4.0,1.0,1.0,0.0,1.0,4.0,4.0,1.0,4.0,1.0,4.0,4.0,1.0,2.0,2.0,2.0,Ballot c
2004,908,3.0,2.0,3.0,10.0,2.0,4.0,3.0,1.0,3.0,2.0,3.0,3.0,2.0,2.0,3.0,2.0,Ballot b
2004,909,3.0,2.0,2.0,0.0,2.0,4.0,3.0,2.0,4.0,2.0,3.0,2.0,2.0,2.0,1.0,2.0,Ballot a
2004,910,3.0,2.0,2.0,0.0,3.0,4.0,2.0,2.0,2.0,1.0,2.0,4.0,1.0,2.0,1.0,2.0,Ballot b
2004,911,4.0,2.0,3.0,0.0,2.0,2.0,2.0,2.0,2.0,1.0,1.0,2.0,1.0,2.0,2.0,2.0,Ballot a
2004,913,3.0,2.0,2.0,25.0,2.0,3.0,1.0,2.0,1.0,4.0,2.0,1.0,3.0,2.0,1.0,2.0,Ballot b
2004,916,3.0,1.0,1.0,0.0,2.0,4.0,3.0,2.0,3.0,1.0,3.0,4.0,1.0,2.0,2.0,2.0,Ballot a
2004,917,4.0,2.0,1.0,1.0,2.0,3.0,3.0,1.0,2.0,2.0,3.0,2.0,2.0,2.0,1.0,2.0,Ballot c
2004,922,5.0,1.0,1.0,0.0,1.0,4.0,4.0,1.0,4.0,1.0,4.0,2.0,1.0,2.0,1.0,2.0,Ballot b
2004,926,4.0,2.0,1.0,7.0,2.0,3.0,2.0,1.0,3.0,2.0,3.0,3.0,2.0,2.0,3.0,2.0,Ballot c
2004,929,2.0,1.0,3.0,5.0,2.0,3.0,3.0,2.0,3.0,3.0,3.0,3.0,2.0,2.0,1.0,1.0,Ballot b
2004,930,4.0,2.0,1.0,20.0,2.0,4.0,4.0,1.0,4.0,3.0,2.0,2.0,2.0,2.0,2.0,2.0,Ballot a
2004,931,4.0,2.0,1.0,0.0,2.0,4.0,4.0,1.0,4.0,1.0,4.0,1.0,1.0,2.0,2.0,2.0,Ballot b
2004,937,2.0,2.0,2.0,8.0,2.0,3.0,3.0,2.0,2.0,2.0,3.0,2.0,2.0,2.0,3.0,2.0,Ballot b
2004,938,5.0,3.0,3.0,15.0,2.0,2.0,2.0,1.0,2.0,1.0,2.0,1.0,3.0,2.0,3.0,2.0,Ballot b
2004,940,5.0,2.0,1.0,0.0,1.0,4.0,4.0,1.0,4.0,1.0,4.0,3.0,1.0,2.0,1.0,2.0,Ballot a
2004,946,3.0,2.0,3.0,0.0,3.0,2.0,1.0,2.0,1.0,2.0,1.0,1.0,2.0,1.0,1.0,1.0,Ballot b
2004,948,3.0,2.0,1.0,15.0,2.0,3.0,2.0,2.0,3.0,2.0,3.0,2.0,2.0,2.0,3.0,2.0,Ballot a
2004,953,4.0,2.0,2.0,0.0,2.0,3.0,3.0,1.0,3.0,1.0,3.0,3.0,2.0,2.0,1.0,2.0,Ballot c
2004,956,4.0,2.0,2.0,2.0,2.0,3.0,3.0,1.0,3.0,1.0,3.0,3.0,2.0,2.0,2.0,2.0,Ballot c
2004,959,2.0,4.0,3.0,20.0,1.0,4.0,4.0,1.0,4.0,2.0,4.0,3.0,1.0,2.0,1.0,2.0,Ballot b
2004,960,4.0,2.0,1.0,1.0,3.0,3.0,2.0,1.0,4.0,1.0,3.0,3.0,2.0,2.0,2.0,2.0,Ballot c
2004,962,5.0,2.0,2.0,0.0,2.0,3.0,2.0,1.0,4.0,1.0,3.0,3.0,2.0,2.0,3.0,2.0,Ballot a
2004,963,2.0,4.0,3.0,7.0,1.0,4.0,4.0,2.0,2.0,2.0,1.0,2.0,3.0,2.0,3.0,2.0,Ballot b
2004,971,4.0,2.0,2.0,2.0,2.0,4.0,4.0,2.0,4.0,2.0,3.0,3.0,2.0,2.0,2.0,2.0,Ballot c
2004,972,4.0,1.0,2.0,0.0,2.0,4.0,2.0,1.0,4.0,2.0,2.0,3.0,1.0,1.0,2.0,2.0,Ballot b
2004,973,4.0,1.0,1.0,1.0,1.0,4.0,3.0,1.0,4.0,1.0,4.0,4.0,1.0,2.0,1.0,2.0,Ballot b
2004,977,4.0,1.0,1.0,0.0,1.0,4.0,4.0,1.0,4.0,1.0,3.0,4.0,1.0,2.0,1.0,2.0,Ballot c
2004,979,4.0,1.0,2.0,5.0,2.0,4.0,2.0,2.0,2.0,2.0,4.0,4.0,2.0,2.0,1.0,2.0,Ballot c
2004,980,1.0,3.0,1.0,10.0,3.0,3.0,3.0,2.0,4.0,3.0,3.0,3.0,2.0,2.0,1.0,2.0,Ballot b
2004,982,5.0,2.0,1.0,2.0,2.0,3.0,3.0,1.0,4.0,2.0,4.0,4.0,1.0,2.0,1.0,2.0,Ballot a
2004,989,4.0,1.0,1.0,0.0,1.0,4.0,4.0,1.0,4.0,1.0,4.0,4.0,2.0,2.0,1.0,2.0,Ballot c
2004,991,4.0,2.0,2.0,1.0,1.0,4.0,4.0,1.0,3.0,2.0,4.0,3.0,2.0,2.0,1.0,2.0,Ballot a
2004,992,5.0,1.0,2.0,3.0,2.0,3.0,3.0,1.0,4.0,2.0,3.0,3.0,2.0,2.0,1.0,2.0,Ballot a
2004,993,5.0,1.0,1.0,0.0,1.0,4.0,3.0,1.0,4.0,1.0,3.0,4.0,1.0,2.0,1.0,2.0,Ballot b
2004,1002,3.0,4.0,2.0,1.0,1.0,4.0,4.0,1.0,4.0,3.0,3.0,3.0,2.0,2.0,2.0,2.0,Ballot a
2004,1003,4.0,1.0,2.0,0.0,2.0,4.0,2.0,2.0,2.0,2.0,2.0,4.0,2.0,2.0,2.0,2.0,Ballot c
2004,1006,4.0,1.0,1.0,0.0,1.0,4.0,4.0,1.0,4.0,1.0,1.0,4.0,1.0,2.0,1.0,2.0,Ballot a
2004,1011,2.0,1.0,2.0,2.0,2.0,4.0,4.0,1.0,4.0,2.0,3.0,3.0,2.0,2.0,1.0,2.0,Ballot a
2004,1016,4.0,1.0,2.0,2.0,2.0,3.0,3.0,1.0,1.0,1.0,2.0,3.0,1.0,1.0,1.0,2.0,Ballot a
2004,1020,4.0,2.0,1.0,5.0,2.0,4.0,2.0,2.0,4.0,2.0,3.0,3.0,2.0,1.0,2.0,2.0,Ballot a
2004,1024,4.0,1.0,2.0,7.0,1.0,4.0,3.0,1.0,4.0,2.0,3.0,3.0,1.0,2.0,1.0,2.0,Ballot c
2004,1025,7.0,1.0,3.0,0.0,1.0,1.0,4.0,1.0,3.0,1.0,1.0,2.0,2.0,2.0,1.0,2.0,Ballot b
2004,1029,5.0,2.0,3.0,3.0,2.0,3.0,2.0,2.0,2.0,3.0,3.0,2.0,2.0,1.0,3.0,2.0,Ballot a
2004,1030,4.0,1.0,1.0,10.0,3.0,3.0,2.0,2.0,3.0,2.0,3.0,4.0,2.0,2.0,2.0,2.0,Ballot c
2004,1032,4.0,1.0,1.0,0.0,1.0,3.0,2.0,2.0,3.0,2.0,3.0,3.0,2.0,2.0,3.0,2.0,Ballot b
2004,1033,5.0,1.0,3.0,0.0,1.0,3.0,3.0,1.0,3.0,3.0,3.0,2.0,2.0,1.0,1.0,2.0,Ballot a
2004,1038,3.0,1.0,2.0,2.0,2.0,4.0,4.0,1.0,4.0,2.0,3.0,3.0,1.0,2.0,2.0,2.0,Ballot a
2004,1040,2.0,3.0,3.0,0.0,2.0,2.0,2.0,2.0,3.0,3.0,2.0,3.0,2.0,2.0,2.0,2.0,Ballot b
2004,1044,3.0,2.0,3.0,1.0,2.0,3.0,2.0,2.0,2.0,3.0,3.0,3.0,2.0,2.0,2.0,2.0,Ballot a
2004,1045,4.0,1.0,3.0,5.0,3.0,4.0,3.0,1.0,2.0,2.0,3.0,3.0,2.0,2.0,2.0,2.0,Ballot c
2004,1053,4.0,2.0,2.0,1.0,3.0,3.0,3.0,1.0,3.0,2.0,4.0,3.0,2.0,1.0,1.0,2.0,Ballot c
2004,1058,5.0,1.0,3.0,0.0,2.0,4.0,3.0,1.0,4.0,2.0,3.0,3.0,1.0,2.0,1.0,2.0,Ballot b
2004,1060,4.0,1.0,1.0,7.0,2.0,4.0,3.0,1.0,4.0,2.0,4.0,3.0,2.0,2.0,2.0,2.0,Ballot c
2004,1064,4.0,1.0,1.0,1.0,2.0,3.0,3.0,2.0,2.0,3.0,1.0,1.0,3.0,1.0,1.0,2.0,Ballot c
2004,1069,2.0,1.0,3.0,1.0,2.0,3.0,3.0,1.0,3.0,1.0,3.0,4.0,2.0,2.0,2.0,2.0,Ballot b
2004,1071,4.0,2.0,2.0,0.0,2.0,3.0,3.0,1.0,3.0,2.0,3.0,2.0,2.0,2.0,2.0,2.0,Ballot c
2004,1078,4.0,1.0,2.0,0.0,1.0,3.0,3.0,2.0,3.0,2.0,3.0,3.0,2.0,2.0,2.0,2.0,Ballot c
2004,1082,2.0,3.0,1.0,20.0,3.0,2.0,3.0,2.0,3.0,3.0,3.0,2.0,2.0,2.0,1.0,2.0,Ballot a
2004,1083,3.0,3.0,3.0,4.0,2.0,3.0,3.0,1.0,4.0,2.0,2.0,2.0,1.0,2.0,2.0,2.0,Ballot b
2004,1086,5.0,1.0,3.0,0.0,2.0,4.0,3.0,1.0,4.0,1.0,3.0,4.0,1.0,2.0,1.0,2.0,Ballot a
2004,1088,4.0,1.0,1.0,0.0,1.0,4.0,4.0,1.0,4.0,2.0,3.0,4.0,2.0,2.0,2.0,2.0,Ballot b
2004,1089,3.0,2.0,3.0,0.0,2.0,4.0,3.0,2.0,4.0,2.0,2.0,2.0,3.0,2.0,2.0,2.0,Ballot a
2004,1090,5.0,2.0,2.0,0.0,1.0,1.0,2.0,1.0,2.0,2.0,1.0,2.0,1.0,2.0,2.0,1.0,Ballot b
2004,1094,1.0,1.0,1.0,0.0,1.0,3.0,3.0,1.0,4.0,3.0,3.0,3.0,1.0,2.0,1.0,2.0,Ballot b
2004,1099,2.0,2.0,2.0,1.0,2.0,4.0,3.0,1.0,3.0,2.0,3.0,2.0,2.0,2.0,2.0,2.0,Ballot b
2004,1101,3.0,1.0,3.0,0.0,1.0,3.0,3.0,1.0,2.0,2.0,4.0,4.0,1.0,2.0,1.0,2.0,Ballot a
2004,1102,4.0,1.0,2.0,10.0,2.0,3.0,2.0,2.0,3.0,2.0,3.0,3.0,2.0,2.0,1.0,2.0,Ballot c
2004,1106,4.0,1.0,2.0,2.0,2.0,3.0,3.0,1.0,3.0,2.0,3.0,3.0,2.0,2.0,1.0,2.0,Ballot c
2004,1112,5.0,2.0,2.0,0.0,1.0,4.0,4.0,2.0,3.0,2.0,3.0,2.0,1.0,2.0,1.0,2.0,Ballot b
2004,1124,5.0,2.0,3.0,12.0,2.0,3.0,3.0,1.0,4.0,3.0,3.0,3.0,3.0,2.0,2.0,2.0,Ballot a
2004,1125,6.0,2.0,1.0,0.0,2.0,3.0,1.0,1.0,3.0,3.0,2.0,2.0,2.0,2.0,3.0,2.0,Ballot a
2004,1126,5.0,1.0,1.0,0.0,1.0,4.0,4.0,1.0,4.0,3.0,3.0,3.0,1.0,2.0,2.0,2.0,Ballot b
2004,1128,4.0,1.0,1.0,4.0,1.0,4.0,4.0,1.0,4.0,2.0,3.0,3.0,1.0,2.0,1.0,2.0,Ballot c
2004,1133,3.0,1.0,2.0,1.0,1.0,4.0,4.0,1.0,4.0,1.0,4.0,4.0,1.0,2.0,1.0,2.0,Ballot b
2004,1135,4.0,2.0,1.0,3.0,1.0,4.0,3.0,2.0,3.0,1.0,4.0,3.0,2.0,2.0,1.0,2.0,Ballot b
2004,1138,4.0,1.0,2.0,0.0,2.0,3.0,3.0,1.0,4.0,2.0,3.0,3.0,1.0,2.0,1.0,2.0,Ballot a
2004,1145,2.0,4.0,3.0,4.0,1.0,4.0,4.0,1.0,4.0,1.0,3.0,1.0,1.0,2.0,1.0,2.0,Ballot a
2004,1154,2.0,2.0,3.0,0.0,2.0,3.0,3.0,1.0,4.0,1.0,4.0,4.0,1.0,2.0,1.0,2.0,Ballot a
2004,1156,3.0,2.0,2.0,2.0,2.0,4.0,3.0,1.0,3.0,2.0,3.0,3.0,2.0,2.0,2.0,2.0,Ballot b
2004,1157,3.0,2.0,1.0,3.0,2.0,4.0,3.0,1.0,2.0,2.0,3.0,3.0,2.0,2.0,1.0,2.0,Ballot b
2004,1159,4.0,1.0,1.0,0.0,1.0,4.0,4.0,1.0,4.0,1.0,4.0,4.0,1.0,2.0,1.0,2.0,Ballot b
2004,1161,4.0,2.0,3.0,0.0,3.0,3.0,2.0,2.0,2.0,3.0,2.0,2.0,3.0,1.0,2.0,2.0,Ballot a
2004,1163,4.0,1.0,2.0,0.0,2.0,3.0,2.0,2.0,3.0,1.0,3.0,3.0,2.0,2.0,2.0,2.0,Ballot b
2004,1164,4.0,2.0,2.0,0.0,2.0,3.0,3.0,2.0,3.0,2.0,3.0,2.0,2.0,2.0,1.0,2.0,Ballot c
2004,1165,1.0,1.0,1.0,3.0,1.0,1.0,1.0,1.0,4.0,1.0,4.0,4.0,1.0,2.0,1.0,2.0,Ballot a
2004,1166,4.0,2.0,2.0,7.0,2.0,4.0,4.0,1.0,4.0,2.0,3.0,3.0,2.0,2.0,3.0,2.0,Ballot c
2004,1175,4.0,3.0,3.0,20.0,2.0,4.0,1.0,2.0,1.0,2.0,2.0,2.0,1.0,2.0,3.0,2.0,Ballot c
2004,1178,4.0,3.0,2.0,3.0,3.0,4.0,3.0,1.0,4.0,2.0,1.0,4.0,1.0,1.0,5.0,2.0,Ballot c
2004,1179,2.0,1.0,3.0,0.0,2.0,4.0,2.0,2.0,2.0,2.0,4.0,2.0,2.0,2.0,3.0,2.0,Ballot b
2004,1181,4.0,1.0,1.0,1.0,1.0,4.0,4.0,1.0,4.0,1.0,4.0,2.0,2.0,2.0,1.0,2.0,Ballot a
2004,1183,2.0,1.0,1.0,15.0,2.0,3.0,3.0,2.0,3.0,1.0,4.0,4.0,2.0,2.0,2.0,2.0,Ballot a
2004,1186,5.0,1.0,1.0,10.0,2.0,3.0,1.0,1.0,2.0,2.0,3.0,3.0,2.0,2.0,2.0,2.0,Ballot b
2004,1187,4.0,1.0,3.0,0.0,2.0,4.0,4.0,1.0,2.0,3.0,3.0,3.0,1.0,2.0,1.0,2.0,Ballot c
2004,1190,3.0,2.0,3.0,15.0,2.0,4.0,3.0,1.0,1.0,2.0,3.0,3.0,2.0,2.0,2.0,2.0,Ballot b
2004,1192,4.0,3.0,2.0,2.0,3.0,3.0,2.0,3.0,4.0,4.0,1.0,1.0,3.0,1.0,3.0,1.0,Ballot a
2004,1200,4.0,2.0,3.0,14.0,3.0,2.0,1.0,2.0,2.0,3.0,1.0,2.0,3.0,2.0,3.0,2.0,Ballot c
2004,1203,4.0,1.0,3.0,0.0,2.0,4.0,4.0,2.0,4.0,2.0,3.0,3.0,1.0,2.0,2.0,2.0,Ballot c
2004,1206,7.0,4.0,2.0,0.0,2.0,3.0,4.0,2.0,3.0,3.0,4.0,2.0,3.0,1.0,2.0,2.0,Ballot a
2004,1207,3.0,2.0,2.0,0.0,1.0,4.0,4.0,1.0,4.0,2.0,3.0,3.0,2.0,2.0,1.0,2.0,Ballot a
2004,1210,4.0,1.0,1.0,0.0,2.0,3.0,2.0,1.0,2.0,1.0,2.0,3.0,1.0,2.0,3.0,1.0,Ballot a
2004,1214,4.0,3.0,3.0,0.0,2.0,1.0,3.0,1.0,4.0,1.0,4.0,4.0,1.0,2.0,1.0,2.0,Ballot a
2004,1216,5.0,2.0,3.0,15.0,1.0,3.0,3.0,2.0,3.0,3.0,2.0,3.0,2.0,2.0,2.0,2.0,Ballot b
2004,1219,4.0,1.0,3.0,15.0,2.0,2.0,2.0,1.0,1.0,3.0,3.0,3.0,2.0,2.0,2.0,2.0,Ballot b
2004,1223,4.0,1.0,2.0,0.0,1.0,4.0,4.0,1.0,3.0,3.0,3.0,2.0,1.0,1.0,2.0,2.0,Ballot c
2004,1226,3.0,1.0,2.0,0.0,1.0,2.0,1.0,1.0,4.0,2.0,1.0,2.0,4.0,2.0,3.0,2.0,Ballot b
2004,1229,1.0,1.0,2.0,20.0,2.0,3.0,3.0,1.0,3.0,2.0,2.0,2.0,3.0,1.0,1.0,1.0,Ballot a
2004,1242,4.0,1.0,3.0,10.0,2.0,2.0,3.0,1.0,3.0,1.0,3.0,3.0,2.0,1.0,2.0,2.0,Ballot c
2004,1243,3.0,2.0,2.0,2.0,2.0,4.0,4.0,1.0,4.0,1.0,4.0,4.0,1.0,2.0,1.0,2.0,Ballot a
2004,1245,5.0,1.0,1.0,0.0,2.0,3.0,3.0,2.0,2.0,3.0,3.0,3.0,2.0,2.0,1.0,2.0,Ballot a
2004,1249,3.0,2.0,2.0,20.0,2.0,3.0,4.0,2.0,3.0,2.0,4.0,3.0,2.0,2.0,1.0,2.0,Ballot a
2004,1254,2.0,3.0,1.0,0.0,1.0,4.0,4.0,1.0,4.0,1.0,4.0,3.0,2.0,2.0,2.0,2.0,Ballot b
2004,1255,4.0,2.0,1.0,10.0,1.0,4.0,4.0,1.0,4.0,2.0,3.0,3.0,1.0,2.0,2.0,2.0,Ballot c
2004,1257,4.0,1.0,3.0,7.0,1.0,3.0,3.0,1.0,3.0,2.0,1.0,1.0,2.0,2.0,2.0,2.0,Ballot a
2004,1263,5.0,2.0,1.0,3.0,2.0,3.0,1.0,1.0,2.0,2.0,3.0,3.0,3.0,2.0,2.0,2.0,Ballot b
2004,1265,5.0,1.0,2.0,4.0,1.0,4.0,1.0,1.0,3.0,2.0,2.0,2.0,2.0,2.0,2.0,2.0,Ballot b
2004,1269,7.0,4.0,3.0,15.0,3.0,4.0,2.0,1.0,2.0,3.0,3.0,3.0,2.0,2.0,1.0,2.0,Ballot b
2004,1270,3.0,3.0,2.0,30.0,2.0,3.0,2.0,1.0,2.0,2.0,3.0,3.0,2.0,2.0,3.0,2.0,Ballot a
2004,1276,5.0,2.0,2.0,2.0,2.0,4.0,4.0,1.0,4.0,1.0,4.0,4.0,1.0,2.0,1.0,2.0,Ballot b
2004,1279,3.0,3.0,3.0,4.0,2.0,3.0,1.0,1.0,3.0,2.0,3.0,2.0,1.0,2.0,2.0,2.0,Ballot a
2004,1282,4.0,1.0,1.0,0.0,2.0,4.0,4.0,1.0,3.0,1.0,3.0,2.0,2.0,2.0,1.0,2.0,Ballot a
2004,1284,4.0,2.0,3.0,15.0,2.0,2.0,1.0,1.0,3.0,2.0,2.0,2.0,2.0,2.0,1.0,2.0,Ballot b
2004,1285,4.0,1.0,2.0,5.0,2.0,3.0,2.0,2.0,4.0,3.0,4.0,3.0,2.0,2.0,2.0,2.0,Ballot c
2004,1287,3.0,2.0,1.0,0.0,1.0,4.0,4.0,1.0,4.0,3.0,4.0,4.0,1.0,2.0,1.0,2.0,Ballot b
2004,1289,2.0,1.0,3.0,0.0,1.0,4.0,4.0,1.0,4.0,1.0,2.0,3.0,2.0,1.0,2.0,2.0,Ballot a
2004,1290,2.0,1.0,2.0,5.0,2.0,4.0,2.0,1.0,3.0,2.0,3.0,4.0,2.0,2.0,1.0,2.0,Ballot b
2004,1295,5.0,2.0,3.0,15.0,2.0,3.0,1.0,2.0,3.0,3.0,2.0,4.0,3.0,2.0,1.0,2.0,Ballot b
2004,1297,4.0,1.0,1.0,25.0,2.0,3.0,2.0,2.0,3.0,2.0,2.0,3.0,2.0,2.0,2.0,2.0,Ballot c
2004,1298,4.0,1.0,3.0,3.0,2.0,3.0,3.0,1.0,4.0,2.0,2.0,3.0,3.0,2.0,2.0,2.0,Ballot b
2004,1301,4.0,1.0,1.0,3.0,1.0,4.0,3.0,1.0,4.0,2.0,2.0,3.0,2.0,1.0,2.0,2.0,Ballot c
2004,1303,5.0,1.0,2.0,0.0,2.0,3.0,3.0,3.0,3.0,2.0,2.0,3.0,2.0,2.0,2.0,2.0,Ballot a
2004,1311,4.0,2.0,2.0,1.0,2.0,3.0,2.0,2.0,3.0,3.0,3.0,2.0,3.0,2.0,2.0,2.0,Ballot a
2004,1314,4.0,2.0,3.0,20.0,2.0,3.0,1.0,1.0,3.0,2.0,3.0,3.0,2.0,2.0,1.0,2.0,Ballot a
2004,1315,1.0,2.0,3.0,2.0,2.0,4.0,3.0,1.0,3.0,1.0,4.0,4.0,1.0,2.0,1.0,2.0,Ballot a
2004,1317,4.0,1.0,1.0,5.0,1.0,3.0,3.0,1.0,4.0,1.0,2.0,3.0,2.0,2.0,2.0,2.0,Ballot c
2004,1322,1.0,2.0,2.0,0.0,1.0,1.0,1.0,1.0,2.0,2.0,2.0,2.0,2.0,1.0,1.0,2.0,Ballot b
2004,1329,2.0,2.0,1.0,3.0,3.0,2.0,2.0,2.0,2.0,3.0,3.0,3.0,2.0,2.0,2.0,2.0,Ballot a
2004,1334,4.0,1.0,1.0,2.0,2.0,4.0,2.0,1.0,4.0,1.0,4.0,3.0,1.0,1.0,1.0,2.0,Ballot c
2004,1335,5.0,1.0,2.0,1.0,1.0,4.0,4.0,2.0,3.0,1.0,3.0,3.0,1.0,2.0,1.0,2.0,Ballot b
2004,1340,4.0,1.0,2.0,30.0,1.0,4.0,4.0,2.0,4.0,1.0,4.0,3.0,2.0,2.0,2.0,2.0,Ballot c
2004,1343,5.0,2.0,2.0,2.0,2.0,3.0,3.0,2.0,4.0,2.0,4.0,4.0,2.0,2.0,1.0,2.0,Ballot a
2004,1352,4.0,1.0,1.0,0.0,1.0,4.0,4.0,1.0,4.0,2.0,3.0,4.0,4.0,2.0,1.0,2.0,Ballot a
2004,1355,2.0,1.0,2.0,1.0,1.0,4.0,4.0,1.0,4.0,2.0,4.0,4.0,1.0,2.0,1.0,2.0,Ballot a
2004,1356,4.0,2.0,3.0,15.0,2.0,3.0,3.0,2.0,4.0,2.0,2.0,3.0,2.0,2.0,2.0,2.0,Ballot a
2004,1360,7.0,3.0,1.0,3.0,1.0,4.0,3.0,1.0,4.0,1.0,3.0,2.0,2.0,2.0,1.0,2.0,Ballot b
2004,1368,5.0,1.0,1.0,0.0,1.0,3.0,3.0,1.0,3.0,1.0,3.0,3.0,1.0,2.0,2.0,2.0,Ballot a
2004,1369,4.0,1.0,2.0,15.0,1.0,4.0,4.0,2.0,3.0,2.0,2.0,3.0,2.0,2.0,1.0,2.0,Ballot b
2004,1371,4.0,4.0,1.0,5.0,2.0,3.0,3.0,2.0,3.0,2.0,2.0,2.0,2.0,2.0,2.0,2.0,Ballot b
2004,1372,4.0,2.0,3.0,0.0,1.0,4.0,4.0,1.0,4.0,1.0,2.0,3.0,2.0,2.0,1.0,2.0,Ballot c
2004,1375,5.0,2.0,1.0,0.0,1.0,3.0,3.0,1.0,4.0,2.0,3.0,3.0,2.0,2.0,2.0,2.0,Ballot b
2004,1378,2.0,1.0,1.0,1.0,1.0,4.0,4.0,1.0,4.0,1.0,4.0,4.0,1.0,2.0,1.0,2.0,Ballot a
2004,1381,3.0,4.0,3.0,20.0,2.0,3.0,3.0,2.0,2.0,3.0,2.0,2.0,3.0,2.0,2.0,2.0,Ballot b
2004,1393,4.0,2.0,3.0,5.0,3.0,4.0,3.0,1.0,3.0,2.0,3.0,3.0,2.0,2.0,2.0,2.0,Ballot c
2004,1396,2.0,1.0,2.0,2.0,1.0,2.0,1.0,2.0,2.0,2.0,3.0,3.0,2.0,1.0,2.0,2.0,Ballot a
2004,1397,1.0,1.0,2.0,3.0,2.0,3.0,3.0,2.0,3.0,2.0,2.0,2.0,2.0,2.0,3.0,2.0,Ballot a
2004,1402,3.0,1.0,1.0,2.0,2.0,3.0,3.0,2.0,3.0,2.0,2.0,3.0,2.0,1.0,2.0,2.0,Ballot a
2004,1404,2.0,2.0,3.0,15.0,1.0,4.0,4.0,2.0,2.0,2.0,3.0,2.0,2.0,1.0,1.0,2.0,Ballot b
2004,1410,4.0,2.0,2.0,0.0,2.0,3.0,3.0,1.0,4.0,3.0,3.0,2.0,2.0,2.0,1.0,2.0,Ballot a
2004,1415,2.0,1.0,3.0,0.0,2.0,4.0,2.0,1.0,4.0,1.0,3.0,3.0,2.0,2.0,2.0,2.0,Ballot b
2004,1419,2.0,1.0,3.0,15.0,2.0,3.0,1.0,2.0,2.0,3.0,2.0,2.0,3.0,2.0,2.0,2.0,Ballot b
2004,1420,3.0,1.0,2.0,5.0,2.0,3.0,3.0,2.0,2.0,2.0,3.0,3.0,2.0,2.0,2.0,2.0,Ballot a
2004,1422,1.0,2.0,2.0,15.0,2.0,3.0,1.0,3.0,1.0,4.0,3.0,2.0,3.0,2.0,1.0,2.0,Ballot b
2004,1424,2.0,2.0,2.0,0.0,1.0,1.0,1.0,1.0,1.0,3.0,2.0,2.0,1.0,2.0,2.0,2.0,Ballot a
2004,1427,4.0,2.0,3.0,2.0,2.0,3.0,3.0,2.0,3.0,2.0,2.0,2.0,2.0,2.0,2.0,2.0,Ballot c
2004,1433,3.0,1.0,2.0,10.0,2.0,3.0,3.0,2.0,2.0,3.0,3.0,2.0,2.0,2.0,1.0,2.0,Ballot a
2004,1436,2.0,4.0,3.0,0.0,1.0,4.0,4.0,1.0,4.0,1.0,4.0,3.0,1.0,2.0,2.0,2.0,Ballot a
2004,1440,4.0,1.0,1.0,2.0,2.0,4.0,2.0,1.0,4.0,2.0,4.0,4.0,1.0,2.0,1.0,2.0,Ballot c
2004,1447,3.0,1.0,2.0,7.0,3.0,3.0,3.0,2.0,3.0,3.0,2.0,2.0,2.0,2.0,1.0,2.0,Ballot b
2004,1469,5.0,2.0,3.0,0.0,1.0,4.0,4.0,1.0,4.0,1.0,1.0,4.0,1.0,2.0,1.0,2.0,Ballot a
2004,1473,4.0,2.0,3.0,1.0,1.0,3.0,1.0,1.0,3.0,1.0,3.0,1.0,1.0,1.0,1.0,2.0,Ballot a
2004,1474,3.0,1.0,3.0,5.0,3.0,3.0,2.0,2.0,3.0,2.0,3.0,2.0,2.0,2.0,3.0,2.0,Ballot b
2004,1478,4.0,1.0,2.0,0.0,2.0,4.0,4.0,2.0,4.0,2.0,3.0,3.0,1.0,2.0,1.0,2.0,Ballot a
2004,1482,4.0,2.0,2.0,0.0,2.0,4.0,4.0,2.0,3.0,2.0,3.0,3.0,2.0,2.0,2.0,2.0,Ballot c
2004,1484,5.0,1.0,3.0,5.0,3.0,4.0,4.0,1.0,4.0,1.0,3.0,3.0,1.0,2.0,1.0,2.0,Ballot a
2004,1487,6.0,3.0,2.0,0.0,1.0,3.0,3.0,2.0,3.0,1.0,3.0,3.0,1.0,1.0,1.0,2.0,Ballot a
2004,1488,4.0,1.0,1.0,0.0,1.0,4.0,2.0,4.0,2.0,2.0,1.0,2.0,2.0,2.0,2.0,2.0,Ballot b
2004,1490,2.0,2.0,2.0,0.0,2.0,4.0,4.0,1.0,4.0,2.0,3.0,2.0,2.0,2.0,1.0,2.0,Ballot b
2004,1491,6.0,2.0,2.0,4.0,2.0,3.0,2.0,2.0,3.0,2.0,2.0,1.0,2.0,2.0,2.0,2.0,Ballot b
2004,1498,7.0,1.0,2.0,0.0,2.0,2.0,3.0,2.0,4.0,1.0,4.0,4.0,1.0,2.0,2.0,2.0,Ballot a
2004,1499,4.0,2.0,2.0,1.0,2.0,3.0,2.0,1.0,3.0,2.0,3.0,3.0,2.0,2.0,2.0,2.0,Ballot b
2004,1502,3.0,1.0,2.0,1.0,1.0,4.0,3.0,2.0,4.0,2.0,3.0,3.0,2.0,2.0,2.0,2.0,Ballot a
2004,1508,3.0,2.0,1.0,10.0,2.0,4.0,4.0,1.0,3.0,2.0,3.0,3.0,2.0,2.0,1.0,2.0,Ballot b
2004,1513,3.0,3.0,3.0,0.0,3.0,4.0,2.0,2.0,3.0,2.0,3.0,2.0,2.0,2.0,1.0,2.0,Ballot a
2004,1515,4.0,1.0,1.0,5.0,2.0,3.0,3.0,1.0,3.0,2.0,3.0,3.0,1.0,2.0,3.0,2.0,Ballot c
2004,1521,4.0,1.0,1.0,0.0,2.0,4.0,3.0,2.0,4.0,2.0,3.0,2.0,2.0,2.0,1.0,2.0,Ballot b
2004,1522,4.0,1.0,1.0,3.0,2.0,4.0,3.0,2.0,3.0,3.0,3.0,3.0,2.0,2.0,1.0,2.0,Ballot c
2004,1527,4.0,2.0,2.0,0.0,4.0,3.0,3.0,2.0,4.0,2.0,2.0,2.0,2.0,2.0,2.0,2.0,Ballot c
2004,1532,4.0,1.0,1.0,0.0,1.0,4.0,4.0,1.0,4.0,1.0,4.0,4.0,1.0,2.0,1.0,2.0,Ballot c
2004,1533,5.0,4.0,2.0,23.0,2.0,3.0,4.0,2.0,3.0,2.0,3.0,3.0,2.0,2.0,1.0,2.0,Ballot b
2004,1534,2.0,1.0,2.0,2.0,2.0,3.0,2.0,2.0,2.0,3.0,3.0,3.0,2.0,2.0,1.0,2.0,Ballot a
2004,1535,1.0,1.0,3.0,20.0,2.0,4.0,2.0,2.0,3.0,2.0,3.0,2.0,2.0,2.0,3.0,2.0,Ballot b
2004,1544,6.0,1.0,1.0,0.0,2.0,4.0,4.0,1.0,4.0,1.0,4.0,4.0,1.0,2.0,1.0,2.0,Ballot b
2004,1546,3.0,3.0,2.0,0.0,2.0,2.0,2.0,3.0,3.0,2.0,2.0,2.0,2.0,1.0,1.0,2.0,Ballot a
2004,1550,2.0,1.0,1.0,0.0,3.0,3.0,1.0,2.0,4.0,2.0,3.0,1.0,2.0,1.0,1.0,2.0,Ballot b
2004,1556,1.0,1.0,3.0,0.0,3.0,4.0,4.0,1.0,3.0,2.0,3.0,3.0,3.0,2.0,1.0,2.0,Ballot b
2004,1560,4.0,3.0,3.0,4.0,1.0,4.0,4.0,2.0,4.0,2.0,2.0,1.0,1.0,2.0,2.0,2.0,Ballot c
2004,1563,3.0,2.0,1.0,1.0,2.0,4.0,2.0,1.0,3.0,2.0,2.0,3.0,2.0,2.0,1.0,2.0,Ballot b
2004,1564,3.0,1.0,2.0,0.0,3.0,3.0,3.0,2.0,2.0,2.0,3.0,2.0,2.0,2.0,2.0,2.0,Ballot b
2004,1568,5.0,2.0,2.0,5.0,2.0,4.0,3.0,1.0,3.0,2.0,3.0,3.0,2.0,2.0,1.0,2.0,Ballot a
2004,1571,3.0,1.0,2.0,0.0,1.0,4.0,4.0,1.0,4.0,2.0,4.0,4.0,2.0,2.0,1.0,2.0,Ballot a
2004,1577,5.0,1.0,2.0,30.0,2.0,3.0,3.0,2.0,2.0,2.0,3.0,3.0,2.0,2.0,1.0,2.0,Ballot b
2004,1579,4.0,1.0,1.0,5.0,1.0,4.0,4.0,2.0,4.0,2.0,4.0,3.0,1.0,2.0,1.0,2.0,Ballot c
2004,1580,2.0,3.0,3.0,2.0,3.0,3.0,2.0,2.0,3.0,2.0,3.0,3.0,2.0,2.0,1.0,2.0,Ballot b
2004,1582,4.0,1.0,1.0,0.0,2.0,4.0,3.0,1.0,4.0,1.0,3.0,3.0,1.0,2.0,1.0,2.0,Ballot c
2004,1593,2.0,1.0,3.0,5.0,2.0,3.0,3.0,1.0,2.0,3.0,2.0,3.0,2.0,2.0,1.0,2.0,Ballot b
2004,1594,4.0,1.0,1.0,0.0,1.0,4.0,4.0,1.0,4.0,1.0,4.0,4.0,1.0,2.0,1.0,2.0,Ballot a
2004,1595,7.0,3.0,3.0,0.0,1.0,3.0,3.0,1.0,3.0,2.0,3.0,3.0,1.0,2.0,1.0,2.0,Ballot b
2004,1598,4.0,1.0,2.0,10.0,1.0,4.0,1.0,1.0,3.0,1.0,3.0,4.0,2.0,2.0,1.0,2.0,Ballot c
2004,1605,2.0,2.0,2.0,0.0,1.0,4.0,4.0,1.0,4.0,3.0,2.0,3.0,1.0,2.0,1.0,2.0,Ballot a
2004,1610,4.0,4.0,2.0,8.0,3.0,3.0,2.0,3.0,2.0,3.0,3.0,3.0,2.0,2.0,3.0,2.0,Ballot a
2004,1614,5.0,2.0,1.0,3.0,2.0,3.0,2.0,2.0,2.0,3.0,3.0,2.0,4.0,2.0,2.0,2.0,Ballot a
2004,1615,2.0,1.0,1.0,10.0,1.0,4.0,2.0,1.0,4.0,1.0,3.0,4.0,1.0,2.0,2.0,1.0,Ballot b
2004,1619,7.0,1.0,2.0,5.0,1.0,3.0,2.0,2.0,2.0,1.0,3.0,3.0,1.0,2.0,1.0,2.0,Ballot a
2004,1620,4.0,1.0,3.0,3.0,2.0,2.0,3.0,2.0,3.0,2.0,3.0,3.0,2.0,1.0,1.0,2.0,Ballot c
2004,1622,2.0,2.0,1.0,0.0,1.0,4.0,4.0,1.0,4.0,1.0,4.0,4.0,4.0,1.0,1.0,2.0,Ballot a
2004,1625,4.0,4.0,3.0,0.0,2.0,2.0,2.0,2.0,2.0,2.0,2.0,2.0,2.0,1.0,3.0,2.0,Ballot a
2004,1629,4.0,1.0,2.0,5.0,2.0,3.0,2.0,2.0,2.0,2.0,3.0,3.0,2.0,2.0,1.0,2.0,Ballot c
2004,1644,4.0,1.0,1.0,0.0,1.0,3.0,3.0,1.0,3.0,2.0,3.0,4.0,1.0,2.0,2.0,2.0,Ballot c
2004,1646,4.0,1.0,3.0,2.0,1.0,3.0,3.0,1.0,3.0,1.0,3.0,4.0,1.0,2.0,1.0,1.0,Ballot c
2004,1647,2.0,1.0,2.0,1.0,2.0,1.0,4.0,1.0,4.0,2.0,3.0,3.0,1.0,2.0,1.0,2.0,Ballot a
2004,1648,3.0,1.0,1.0,0.0,2.0,4.0,3.0,1.0,4.0,1.0,3.0,3.0,2.0,2.0,2.0,2.0,Ballot b
2004,1649,4.0,1.0,1.0,0.0,1.0,4.0,4.0,1.0,4.0,2.0,4.0,4.0,1.0,2.0,1.0,2.0,Ballot b
2004,1652,4.0,2.0,3.0,0.0,2.0,3.0,4.0,1.0,3.0,3.0,2.0,2.0,2.0,2.0,3.0,2.0,Ballot c
2004,1653,3.0,2.0,1.0,1.0,2.0,4.0,4.0,1.0,4.0,1.0,4.0,1.0,1.0,2.0,2.0,2.0,Ballot a
2004,1659,3.0,2.0,3.0,10.0,2.0,3.0,2.0,2.0,2.0,2.0,3.0,3.0,2.0,2.0,1.0,2.0,Ballot a
2004,1668,4.0,1.0,1.0,2.0,1.0,4.0,4.0,1.0,3.0,2.0,3.0,3.0,2.0,2.0,1.0,2.0,Ballot c
2004,1669,1.0,2.0,1.0,0.0,1.0,4.0,1.0,1.0,4.0,1.0,4.0,4.0,1.0,2.0,1.0,2.0,Ballot b
2004,1671,4.0,2.0,1.0,4.0,2.0,2.0,2.0,1.0,4.0,1.0,3.0,3.0,2.0,2.0,2.0,2.0,Ballot c
2004,1676,6.0,2.0,2.0,5.0,2.0,3.0,2.0,2.0,3.0,2.0,2.0,2.0,2.0,2.0,2.0,2.0,Ballot a
2004,1677,4.0,1.0,1.0,4.0,1.0,3.0,4.0,1.0,4.0,2.0,3.0,3.0,2.0,2.0,1.0,2.0,Ballot b
2004,1678,4.0,1.0,1.0,0.0,1.0,2.0,3.0,2.0,3.0,2.0,3.0,2.0,2.0,2.0,2.0,2.0,Ballot c
2004,1679,4.0,1.0,2.0,10.0,2.0,3.0,3.0,1.0,3.0,2.0,3.0,3.0,2.0,2.0,2.0,2.0,Ballot c
2004,1681,2.0,1.0,3.0,0.0,2.0,3.0,3.0,1.0,3.0,2.0,3.0,4.0,1.0,2.0,1.0,2.0,Ballot b
2004,1690,2.0,1.0,1.0,5.0,1.0,3.0,1.0,1.0,2.0,1.0,2.0,3.0,1.0,2.0,3.0,2.0,Ballot b
2004,1692,4.0,2.0,3.0,2.0,3.0,3.0,2.0,1.0,3.0,3.0,3.0,2.0,2.0,2.0,1.0,2.0,Ballot c
2004,1693,5.0,2.0,1.0,4.0,1.0,4.0,4.0,1.0,3.0,2.0,4.0,4.0,2.0,1.0,1.0,2.0,Ballot a
2004,1696,1.0,2.0,2.0,6.0,2.0,2.0,2.0,2.0,2.0,2.0,2.0,1.0,2.0,2.0,2.0,2.0,Ballot a
2004,1697,3.0,1.0,1.0,3.0,1.0,3.0,3.0,1.0,4.0,1.0,3.0,1.0,1.0,2.0,1.0,2.0,Ballot b
2004,1699,4.0,1.0,2.0,1.0,2.0,4.0,3.0,1.0,3.0,2.0,3.0,3.0,2.0,2.0,1.0,2.0,Ballot c
2004,1701,5.0,2.0,2.0,0.0,4.0,4.0,4.0,1.0,4.0,2.0,3.0,3.0,1.0,2.0,1.0,2.0,Ballot a
2004,1702,2.0,4.0,2.0,1.0,1.0,2.0,1.0,1.0,4.0,2.0,1.0,1.0,1.0,1.0,2.0,2.0,Ballot a
2004,1704,3.0,1.0,2.0,20.0,2.0,4.0,3.0,1.0,3.0,3.0,3.0,2.0,2.0,2.0,1.0,2.0,Ballot b
2004,1709,4.0,1.0,1.0,4.0,2.0,3.0,3.0,1.0,3.0,2.0,3.0,3.0,2.0,2.0,1.0,2.0,Ballot c
2004,1710,5.0,2.0,3.0,0.0,1.0,4.0,1.0,1.0,4.0,1.0,4.0,4.0,2.0,2.0,3.0,2.0,Ballot a
2004,1713,4.0,1.0,2.0,3.0,1.0,4.0,3.0,2.0,2.0,1.0,3.0,3.0,1.0,2.0,1.0,2.0,Ballot c
2004,1714,3.0,1.0,1.0,0.0,2.0,2.0,2.0,2.0,2.0,2.0,2.0,2.0,2.0,1.0,3.0,2.0,Ballot a
2004,1715,4.0,1.0,2.0,2.0,2.0,4.0,4.0,2.0,2.0,2.0,2.0,2.0,2.0,1.0,2.0,2.0,Ballot c
2004,1718,4.0,2.0,1.0,20.0,2.0,4.0,3.0,1.0,4.0,2.0,3.0,3.0,2.0,2.0,2.0,2.0,Ballot c
2004,1720,4.0,1.0,2.0,1.0,2.0,4.0,3.0,1.0,4.0,2.0,4.0,4.0,1.0,2.0,2.0,2.0,Ballot c
2004,1723,2.0,2.0,1.0,20.0,2.0,3.0,3.0,1.0,4.0,1.0,3.0,3.0,3.0,2.0,2.0,2.0,Ballot b
2004,1724,2.0,2.0,2.0,10.0,2.0,3.0,3.0,2.0,3.0,2.0,3.0,2.0,2.0,2.0,4.0,2.0,Ballot b
2004,1730,7.0,3.0,2.0,0.0,1.0,4.0,3.0,3.0,4.0,1.0,3.0,2.0,1.0,2.0,1.0,2.0,Ballot b
2004,1732,4.0,2.0,3.0,0.0,2.0,3.0,3.0,2.0,3.0,2.0,2.0,3.0,4.0,2.0,3.0,2.0,Ballot c
2004,1734,4.0,1.0,2.0,0.0,1.0,4.0,3.0,2.0,4.0,2.0,3.0,4.0,1.0,2.0,1.0,2.0,Ballot a
2004,1735,2.0,1.0,1.0,0.0,3.0,2.0,3.0,2.0,2.0,2.0,3.0,2.0,2.0,2.0,3.0,2.0,Ballot b
2004,1737,4.0,3.0,2.0,30.0,2.0,3.0,2.0,2.0,3.0,2.0,3.0,2.0,3.0,2.0,3.0,2.0,Ballot c
2004,1738,2.0,1.0,2.0,10.0,1.0,4.0,4.0,1.0,4.0,1.0,3.0,4.0,1.0,2.0,1.0,2.0,Ballot b
2004,1741,3.0,1.0,3.0,0.0,2.0,3.0,3.0,1.0,3.0,2.0,3.0,3.0,2.0,2.0,2.0,2.0,Ballot a
2004,1743,2.0,2.0,2.0,3.0,2.0,3.0,3.0,2.0,4.0,2.0,4.0,3.0,2.0,2.0,2.0,2.0,Ballot b
2004,1744,4.0,1.0,2.0,1.0,1.0,4.0,3.0,1.0,4.0,1.0,4.0,3.0,3.0,2.0,1.0,2.0,Ballot b
2004,1746,4.0,1.0,1.0,0.0,1.0,4.0,4.0,1.0,4.0,1.0,4.0,4.0,1.0,1.0,2.0,2.0,Ballot a
2004,1747,4.0,3.0,3.0,0.0,1.0,3.0,4.0,1.0,3.0,1.0,3.0,1.0,1.0,1.0,1.0,2.0,Ballot c
2004,1749,5.0,1.0,1.0,3.0,1.0,4.0,3.0,1.0,4.0,1.0,3.0,2.0,1.0,2.0,1.0,2.0,Ballot b
2004,1750,4.0,2.0,2.0,0.0,3.0,3.0,2.0,2.0,3.0,3.0,3.0,3.0,2.0,2.0,3.0,2.0,Ballot c
2004,1754,3.0,2.0,1.0,0.0,2.0,4.0,3.0,2.0,4.0,2.0,3.0,3.0,3.0,2.0,1.0,2.0,Ballot a
2004,1755,4.0,2.0,2.0,5.0,2.0,4.0,3.0,2.0,3.0,2.0,3.0,2.0,1.0,2.0,1.0,2.0,Ballot c
2004,1759,7.0,3.0,2.0,0.0,2.0,3.0,3.0,1.0,3.0,3.0,3.0,3.0,3.0,2.0,1.0,2.0,Ballot a
2004,1761,4.0,1.0,1.0,0.0,2.0,4.0,3.0,2.0,4.0,2.0,3.0,3.0,2.0,2.0,1.0,2.0,Ballot b
2004,1762,4.0,2.0,3.0,5.0,2.0,3.0,3.0,2.0,3.0,2.0,2.0,3.0,2.0,2.0,2.0,2.0,Ballot a
2004,1764,2.0,2.0,2.0,0.0,2.0,3.0,2.0,2.0,2.0,2.0,4.0,3.0,2.0,2.0,2.0,2.0,Ballot a
2004,1768,4.0,1.0,2.0,0.0,2.0,3.0,2.0,1.0,2.0,2.0,3.0,3.0,2.0,2.0,1.0,2.0,Ballot c
2004,1774,5.0,1.0,2.0,5.0,1.0,4.0,3.0,1.0,3.0,2.0,3.0,3.0,2.0,2.0,1.0,2.0,Ballot b
2004,1780,5.0,2.0,2.0,10.0,2.0,3.0,4.0,1.0,4.0,2.0,4.0,4.0,2.0,2.0,2.0,2.0,Ballot a
2004,1782,4.0,1.0,1.0,0.0,1.0,4.0,4.0,1.0,4.0,1.0,2.0,2.0,1.0,2.0,1.0,2.0,Ballot c
2004,1786,4.0,1.0,1.0,5.0,2.0,3.0,3.0,2.0,3.0,1.0,4.0,3.0,2.0,2.0,1.0,2.0,Ballot c
2004,1787,3.0,3.0,2.0,5.0,1.0,4.0,4.0,1.0,4.0,1.0,3.0,1.0,1.0,1.0,2.0,2.0,Ballot a
2004,1791,3.0,4.0,1.0,1.0,1.0,4.0,4.0,1.0,4.0,1.0,3.0,3.0,2.0,2.0,2.0,2.0,Ballot a
2004,1809,2.0,3.0,2.0,0.0,2.0,4.0,3.0,1.0,4.0,1.0,3.0,3.0,3.0,2.0,2.0,2.0,Ballot a
2004,1810,4.0,2.0,3.0,1.0,2.0,4.0,3.0,1.0,4.0,2.0,3.0,2.0,2.0,2.0,2.0,2.0,Ballot c
2004,1815,4.0,1.0,1.0,2.0,2.0,3.0,3.0,2.0,2.0,2.0,2.0,2.0,3.0,2.0,1.0,2.0,Ballot c
2004,1816,2.0,2.0,3.0,10.0,2.0,3.0,3.0,1.0,3.0,3.0,3.0,3.0,2.0,2.0,1.0,2.0,Ballot b
2004,1818,3.0,2.0,2.0,4.0,2.0,3.0,2.0,2.0,2.0,3.0,3.0,3.0,3.0,2.0,2.0,2.0,Ballot b
2004,1821,4.0,1.0,2.0,0.0,1.0,4.0,4.0,1.0,4.0,1.0,4.0,4.0,1.0,2.0,2.0,2.0,Ballot c
2004,1822,3.0,1.0,1.0,0.0,1.0,4.0,4.0,1.0,4.0,2.0,4.0,4.0,1.0,2.0,1.0,2.0,Ballot a
2004,1825,5.0,3.0,3.0,0.0,2.0,3.0,2.0,2.0,2.0,2.0,3.0,3.0,2.0,2.0,2.0,2.0,Ballot a
2004,1828,4.0,1.0,2.0,5.0,1.0,4.0,4.0,2.0,4.0,2.0,2.0,2.0,2.0,2.0,1.0,1.0,Ballot c
2004,1829,4.0,2.0,2.0,15.0,2.0,2.0,2.0,2.0,2.0,3.0,2.0,2.0,2.0,2.0,2.0,2.0,Ballot c
2004,1831,4.0,1.0,2.0,1.0,1.0,4.0,4.0,1.0,4.0,2.0,3.0,3.0,2.0,2.0,1.0,2.0,Ballot a
2004,1836,4.0,1.0,2.0,7.0,2.0,4.0,3.0,1.0,4.0,2.0,3.0,3.0,2.0,2.0,2.0,2.0,Ballot c
2004,1841,4.0,2.0,2.0,0.0,1.0,4.0,4.0,1.0,4.0,1.0,4.0,4.0,1.0,2.0,1.0,2.0,Ballot c
2004,1845,3.0,4.0,3.0,4.0,2.0,3.0,3.0,2.0,3.0,2.0,3.0,3.0,2.0,2.0,2.0,2.0,Ballot a
2004,1853,4.0,1.0,3.0,2.0,2.0,3.0,3.0,2.0,4.0,2.0,3.0,3.0,2.0,2.0,2.0,2.0,Ballot c
2004,1854,4.0,1.0,2.0,0.0,1.0,4.0,4.0,1.0,4.0,1.0,4.0,1.0,1.0,2.0,1.0,2.0,Ballot c
2004,1861,2.0,2.0,1.0,0.0,2.0,3.0,3.0,2.0,3.0,3.0,3.0,3.0,2.0,2.0,3.0,2.0,Ballot a
2004,1863,4.0,1.0,1.0,0.0,1.0,4.0,3.0,1.0,4.0,1.0,3.0,3.0,2.0,2.0,1.0,2.0,Ballot c
2004,1866,4.0,1.0,2.0,2.0,1.0,3.0,2.0,2.0,3.0,2.0,3.0,3.0,2.0,2.0,2.0,2.0,Ballot b
2004,1870,4.0,1.0,2.0,5.0,2.0,3.0,2.0,2.0,3.0,1.0,3.0,2.0,2.0,2.0,1.0,2.0,Ballot c
2004,1872,4.0,2.0,3.0,2.0,2.0,4.0,4.0,1.0,2.0,4.0,3.0,4.0,2.0,2.0,2.0,2.0,Ballot b
2004,1873,3.0,3.0,2.0,20.0,4.0,1.0,1.0,3.0,2.0,3.0,3.0,1.0,3.0,2.0,2.0,2.0,Ballot a
2004,1876,5.0,2.0,3.0,0.0,2.0,3.0,3.0,2.0,3.0,2.0,3.0,3.0,1.0,2.0,2.0,2.0,Ballot b
2004,1880,2.0,1.0,1.0,2.0,2.0,3.0,3.0,1.0,3.0,2.0,4.0,3.0,1.0,2.0,1.0,2.0,Ballot a
2004,1891,4.0,2.0,2.0,1.0,2.0,4.0,3.0,2.0,3.0,1.0,3.0,3.0,2.0,2.0,1.0,2.0,Ballot c
2004,1893,4.0,2.0,3.0,1.0,2.0,4.0,4.0,1.0,4.0,2.0,3.0,3.0,2.0,2.0,1.0,2.0,Ballot c
2004,1895,2.0,1.0,2.0,3.0,2.0,4.0,3.0,4.0,3.0,2.0,3.0,3.0,2.0,2.0,2.0,2.0,Ballot b
2004,1896,3.0,1.0,1.0,3.0,1.0,3.0,4.0,1.0,4.0,1.0,4.0,4.0,1.0,2.0,2.0,2.0,Ballot a
2004,1900,3.0,1.0,1.0,0.0,1.0,4.0,4.0,1.0,4.0,1.0,4.0,4.0,1.0,2.0,1.0,2.0,Ballot b
2004,1901,3.0,2.0,2.0,1.0,2.0,4.0,2.0,1.0,3.0,2.0,2.0,3.0,2.0,2.0,2.0,2.0,Ballot a
2004,1904,2.0,1.0,2.0,3.0,2.0,3.0,3.0,1.0,3.0,1.0,4.0,4.0,1.0,2.0,1.0,2.0,Ballot a
2004,1907,5.0,1.0,1.0,0.0,1.0,4.0,4.0,1.0,4.0,1.0,4.0,4.0,1.0,2.0,1.0,2.0,Ballot b
2004,1909,2.0,1.0,2.0,0.0,2.0,4.0,4.0,1.0,4.0,1.0,4.0,4.0,2.0,Unknown,1.0,2.0,Ballot b
2004,1913,4.0,2.0,2.0,0.0,1.0,4.0,4.0,4.0,4.0,2.0,4.0,4.0,1.0,2.0,1.0,2.0,Ballot a
2004,1915,2.0,2.0,2.0,1.0,1.0,4.0,4.0,1.0,4.0,1.0,4.0,4.0,2.0,2.0,2.0,2.0,Ballot b
2004,1916,4.0,1.0,2.0,1.0,1.0,4.0,4.0,1.0,4.0,1.0,3.0,3.0,1.0,2.0,2.0,2.0,Ballot c
2004,1917,3.0,1.0,2.0,4.0,1.0,4.0,3.0,1.0,3.0,2.0,4.0,3.0,2.0,2.0,1.0,2.0,Ballot b
2004,1919,5.0,1.0,3.0,15.0,3.0,2.0,1.0,3.0,2.0,3.0,1.0,1.0,3.0,1.0,2.0,2.0,Ballot b
2004,1920,4.0,2.0,2.0,3.0,2.0,3.0,3.0,1.0,4.0,2.0,2.0,3.0,2.0,2.0,1.0,2.0,Ballot c
2004,1922,5.0,1.0,1.0,5.0,1.0,4.0,4.0,1.0,4.0,2.0,3.0,4.0,1.0,2.0,2.0,2.0,Ballot b
2004,1924,4.0,2.0,1.0,1.0,2.0,4.0,3.0,1.0,4.0,2.0,4.0,4.0,2.0,2.0,1.0,2.0,Ballot c
2004,1933,3.0,4.0,3.0,0.0,2.0,3.0,3.0,2.0,3.0,3.0,2.0,3.0,2.0,1.0,2.0,2.0,Ballot a
2004,1935,4.0,2.0,2.0,7.0,1.0,3.0,2.0,2.0,2.0,1.0,1.0,3.0,3.0,1.0,1.0,2.0,Ballot c
2004,1938,5.0,1.0,2.0,0.0,2.0,3.0,3.0,2.0,3.0,3.0,3.0,3.0,2.0,2.0,2.0,2.0,Ballot b
2004,1943,4.0,1.0,2.0,30.0,2.0,2.0,2.0,2.0,2.0,2.0,2.0,3.0,2.0,2.0,3.0,2.0,Ballot c
2004,1944,2.0,1.0,2.0,0.0,2.0,3.0,2.0,1.0,3.0,3.0,3.0,3.0,1.0,2.0,2.0,2.0,Ballot a
2004,1946,3.0,1.0,2.0,0.0,1.0,3.0,3.0,2.0,3.0,2.0,3.0,3.0,2.0,2.0,1.0,2.0,Ballot a
2004,1947,3.0,4.0,3.0,5.0,2.0,3.0,3.0,1.0,4.0,2.0,3.0,3.0,2.0,2.0,1.0,2.0,Ballot a
2004,1950,5.0,1.0,2.0,0.0,1.0,4.0,4.0,1.0,4.0,2.0,3.0,2.0,2.0,2.0,1.0,2.0,Ballot a
2004,1951,4.0,1.0,3.0,1.0,2.0,3.0,3.0,1.0,3.0,2.0,3.0,3.0,2.0,2.0,1.0,2.0,Ballot c
2004,1953,4.0,1.0,2.0,17.0,2.0,3.0,3.0,2.0,3.0,2.0,2.0,2.0,3.0,2.0,2.0,2.0,Ballot c
2004,1954,4.0,3.0,3.0,0.0,2.0,3.0,2.0,1.0,4.0,3.0,2.0,2.0,2.0,2.0,2.0,2.0,Ballot b
2004,1959,4.0,1.0,1.0,0.0,1.0,4.0,4.0,1.0,4.0,4.0,4.0,4.0,1.0,2.0,2.0,2.0,Ballot a
2004,1963,4.0,2.0,2.0,2.0,2.0,4.0,3.0,2.0,4.0,2.0,3.0,3.0,2.0,2.0,2.0,2.0,Ballot b
2004,1966,4.0,2.0,2.0,20.0,2.0,3.0,2.0,1.0,3.0,3.0,3.0,2.0,2.0,2.0,2.0,2.0,Ballot c
2004,1971,5.0,1.0,1.0,0.0,2.0,4.0,3.0,2.0,3.0,2.0,3.0,3.0,2.0,2.0,2.0,2.0,Ballot a
2004,1974,4.0,2.0,3.0,3.0,1.0,4.0,4.0,1.0,4.0,1.0,4.0,4.0,1.0,2.0,1.0,2.0,Ballot a
2004,1980,5.0,2.0,2.0,2.0,2.0,4.0,3.0,1.0,4.0,2.0,4.0,4.0,1.0,2.0,2.0,2.0,Ballot b
2004,1981,4.0,2.0,3.0,10.0,2.0,2.0,3.0,1.0,4.0,2.0,2.0,3.0,2.0,2.0,1.0,2.0,Ballot c
2004,1983,6.0,2.0,2.0,0.0,2.0,3.0,3.0,2.0,3.0,4.0,2.0,3.0,3.0,Unknown,1.0,2.0,Ballot b
2004,1987,3.0,3.0,1.0,3.0,1.0,4.0,4.0,1.0,3.0,2.0,3.0,2.0,2.0,2.0,2.0,2.0,Ballot a
2004,1993,4.0,1.0,2.0,0.0,1.0,4.0,4.0,1.0,4.0,1.0,4.0,4.0,1.0,2.0,2.0,2.0,Ballot c
2004,1995,5.0,2.0,1.0,0.0,2.0,4.0,4.0,1.0,4.0,2.0,1.0,1.0,1.0,2.0,1.0,2.0,Ballot b
2004,1996,7.0,2.0,3.0,0.0,2.0,3.0,3.0,2.0,3.0,1.0,3.0,3.0,2.0,2.0,1.0,2.0,Ballot a
2004,2005,5.0,2.0,1.0,5.0,1.0,3.0,3.0,1.0,4.0,2.0,4.0,4.0,4.0,2.0,2.0,2.0,Ballot a
2004,2006,4.0,2.0,1.0,3.0,1.0,4.0,4.0,1.0,3.0,1.0,4.0,3.0,1.0,2.0,2.0,2.0,Ballot b
2004,2007,4.0,1.0,2.0,0.0,4.0,4.0,4.0,1.0,4.0,1.0,3.0,3.0,2.0,2.0,2.0,2.0,Ballot c
2004,2011,4.0,3.0,3.0,25.0,3.0,3.0,1.0,1.0,2.0,2.0,2.0,2.0,3.0,2.0,1.0,2.0,Ballot c
2004,2014,4.0,2.0,2.0,14.0,2.0,3.0,3.0,2.0,3.0,2.0,3.0,3.0,2.0,2.0,2.0,2.0,Ballot c
2004,2019,3.0,1.0,2.0,0.0,2.0,4.0,2.0,2.0,4.0,1.0,3.0,3.0,2.0,2.0,2.0,2.0,Ballot a
2004,2022,4.0,3.0,1.0,20.0,3.0,3.0,2.0,2.0,2.0,3.0,3.0,3.0,2.0,2.0,2.0,2.0,Ballot a
2004,2023,6.0,2.0,2.0,0.0,1.0,4.0,4.0,4.0,1.0,2.0,3.0,3.0,2.0,2.0,1.0,2.0,Ballot b
2004,2026,3.0,1.0,1.0,0.0,1.0,4.0,1.0,1.0,4.0,1.0,4.0,2.0,1.0,2.0,1.0,2.0,Ballot a
2004,2027,6.0,1.0,3.0,0.0,2.0,3.0,3.0,1.0,3.0,2.0,3.0,3.0,2.0,2.0,1.0,2.0,Ballot a
2004,2030,5.0,1.0,2.0,10.0,2.0,4.0,4.0,1.0,4.0,2.0,3.0,4.0,1.0,1.0,1.0,2.0,Ballot a
2004,2034,5.0,1.0,2.0,0.0,2.0,4.0,4.0,1.0,4.0,2.0,3.0,4.0,1.0,2.0,1.0,2.0,Ballot a
2004,2035,4.0,1.0,1.0,4.0,1.0,4.0,3.0,2.0,3.0,2.0,4.0,4.0,1.0,2.0,1.0,2.0,Ballot c
2004,2038,2.0,2.0,2.0,20.0,2.0,1.0,3.0,1.0,3.0,1.0,4.0,3.0,1.0,2.0,2.0,2.0,Ballot b
2004,2039,4.0,1.0,2.0,1.0,2.0,4.0,4.0,1.0,4.0,1.0,3.0,4.0,1.0,2.0,2.0,2.0,Ballot c
2004,2040,3.0,1.0,3.0,14.0,2.0,4.0,3.0,1.0,4.0,1.0,3.0,3.0,2.0,2.0,2.0,2.0,Ballot a
2004,2041,4.0,2.0,2.0,0.0,2.0,3.0,3.0,2.0,3.0,3.0,3.0,3.0,2.0,2.0,2.0,2.0,Ballot a
2004,2043,5.0,1.0,1.0,3.0,1.0,4.0,4.0,1.0,4.0,2.0,3.0,3.0,1.0,2.0,1.0,2.0,Ballot b
2004,2048,2.0,4.0,2.0,20.0,1.0,3.0,3.0,1.0,3.0,1.0,3.0,3.0,1.0,2.0,1.0,2.0,Ballot a
2004,2049,4.0,3.0,2.0,3.0,2.0,4.0,4.0,1.0,3.0,2.0,4.0,3.0,2.0,2.0,2.0,2.0,Ballot c
2004,2053,3.0,1.0,1.0,1.0,2.0,4.0,4.0,1.0,2.0,1.0,4.0,4.0,1.0,2.0,1.0,2.0,Ballot a
2004,2054,2.0,2.0,2.0,15.0,2.0,3.0,2.0,2.0,3.0,2.0,3.0,3.0,2.0,2.0,3.0,2.0,Ballot a
2004,2055,2.0,2.0,3.0,3.0,2.0,3.0,3.0,1.0,4.0,2.0,4.0,3.0,2.0,2.0,2.0,2.0,Ballot b
2004,2059,5.0,1.0,1.0,0.0,1.0,4.0,4.0,1.0,4.0,1.0,3.0,4.0,2.0,2.0,1.0,2.0,Ballot a
2004,2062,5.0,1.0,2.0,1.0,1.0,3.0,3.0,1.0,4.0,2.0,4.0,4.0,2.0,2.0,1.0,2.0,Ballot b
2004,2067,4.0,1.0,2.0,0.0,2.0,4.0,2.0,1.0,3.0,2.0,3.0,3.0,2.0,2.0,1.0,2.0,Ballot b
2004,2068,4.0,1.0,1.0,0.0,1.0,3.0,3.0,2.0,3.0,2.0,4.0,2.0,2.0,2.0,1.0,2.0,Ballot c
2004,2070,4.0,3.0,2.0,3.0,1.0,4.0,4.0,1.0,4.0,4.0,3.0,3.0,4.0,2.0,2.0,2.0,Ballot b
2004,2073,3.0,2.0,1.0,0.0,2.0,3.0,3.0,2.0,2.0,2.0,2.0,2.0,2.0,2.0,2.0,2.0,Ballot a
2004,2074,4.0,2.0,2.0,4.0,1.0,4.0,3.0,2.0,3.0,3.0,3.0,3.0,2.0,2.0,2.0,2.0,Ballot c
2004,2077,4.0,1.0,2.0,30.0,2.0,3.0,3.0,2.0,3.0,2.0,3.0,3.0,2.0,2.0,2.0,2.0,Ballot a
2004,2078,4.0,1.0,2.0,1.0,2.0,3.0,3.0,2.0,4.0,2.0,3.0,3.0,2.0,2.0,2.0,2.0,Ballot b
2004,2081,2.0,2.0,3.0,0.0,2.0,3.0,3.0,2.0,2.0,2.0,2.0,2.0,3.0,2.0,2.0,2.0,Ballot a
2004,2085,5.0,1.0,3.0,0.0,1.0,4.0,3.0,1.0,4.0,2.0,3.0,4.0,1.0,2.0,1.0,2.0,Ballot b
2004,2086,3.0,1.0,2.0,3.0,2.0,3.0,2.0,2.0,2.0,2.0,2.0,2.0,2.0,2.0,3.0,2.0,Ballot a
2004,2091,2.0,2.0,1.0,0.0,1.0,3.0,3.0,2.0,3.0,1.0,3.0,3.0,2.0,2.0,1.0,2.0,Ballot b
2004,2092,3.0,1.0,1.0,0.0,2.0,4.0,3.0,1.0,4.0,2.0,3.0,3.0,2.0,2.0,1.0,2.0,Ballot a
2004,2094,5.0,1.0,2.0,4.0,1.0,4.0,4.0,4.0,3.0,4.0,3.0,3.0,2.0,2.0,2.0,2.0,Ballot b
2004,2098,4.0,1.0,1.0,0.0,1.0,4.0,4.0,1.0,4.0,1.0,4.0,4.0,1.0,2.0,1.0,2.0,Ballot c
2004,2099,4.0,1.0,1.0,1.0,2.0,4.0,3.0,1.0,4.0,2.0,4.0,4.0,1.0,2.0,2.0,2.0,Ballot b
2004,2100,2.0,1.0,1.0,2.0,2.0,4.0,3.0,1.0,4.0,2.0,3.0,3.0,2.0,2.0,2.0,2.0,Ballot a
2004,2103,3.0,2.0,2.0,2.0,2.0,4.0,4.0,1.0,4.0,1.0,2.0,4.0,1.0,2.0,2.0,2.0,Ballot a
2004,2107,5.0,1.0,2.0,1.0,2.0,4.0,4.0,1.0,4.0,1.0,2.0,4.0,1.0,2.0,2.0,2.0,Ballot a
2004,2108,4.0,2.0,2.0,0.0,2.0,3.0,3.0,1.0,4.0,3.0,3.0,2.0,2.0,2.0,1.0,2.0,Ballot a
2004,2109,7.0,1.0,2.0,0.0,2.0,4.0,4.0,2.0,4.0,1.0,3.0,3.0,2.0,2.0,1.0,2.0,Ballot a
2004,2110,4.0,1.0,1.0,0.0,1.0,4.0,4.0,1.0,4.0,1.0,4.0,4.0,2.0,2.0,1.0,2.0,Ballot c
2004,2113,4.0,2.0,1.0,3.0,1.0,4.0,3.0,1.0,3.0,1.0,3.0,3.0,2.0,2.0,2.0,2.0,Ballot a
2004,2117,7.0,4.0,3.0,30.0,2.0,3.0,3.0,1.0,2.0,2.0,3.0,3.0,2.0,2.0,1.0,2.0,Ballot a
2004,2121,3.0,1.0,2.0,0.0,2.0,3.0,1.0,2.0,3.0,2.0,3.0,3.0,2.0,2.0,1.0,2.0,Ballot b
2004,2129,4.0,1.0,1.0,0.0,2.0,4.0,4.0,1.0,4.0,2.0,4.0,3.0,2.0,2.0,1.0,2.0,Ballot c
2004,2131,4.0,1.0,1.0,20.0,2.0,4.0,4.0,1.0,3.0,2.0,3.0,3.0,1.0,2.0,2.0,2.0,Ballot c
2004,2134,2.0,2.0,1.0,5.0,1.0,3.0,3.0,1.0,3.0,1.0,2.0,2.0,2.0,2.0,2.0,2.0,Ballot b
2004,2135,4.0,2.0,3.0,0.0,1.0,4.0,4.0,1.0,4.0,2.0,3.0,1.0,1.0,2.0,3.0,2.0,Ballot a
2004,2143,5.0,1.0,2.0,2.0,2.0,4.0,4.0,1.0,4.0,1.0,4.0,1.0,1.0,2.0,1.0,2.0,Ballot b
2004,2145,4.0,2.0,1.0,0.0,2.0,4.0,2.0,1.0,4.0,2.0,3.0,4.0,1.0,2.0,2.0,2.0,Ballot c
2004,2146,3.0,1.0,2.0,0.0,2.0,3.0,3.0,2.0,3.0,1.0,3.0,3.0,2.0,2.0,1.0,2.0,Ballot a
2004,2153,4.0,1.0,2.0,0.0,2.0,3.0,3.0,2.0,3.0,3.0,3.0,3.0,2.0,2.0,1.0,2.0,Ballot c
2004,2155,4.0,2.0,3.0,10.0,3.0,3.0,2.0,2.0,2.0,2.0,2.0,2.0,2.0,2.0,2.0,2.0,Ballot c
2004,2160,2.0,1.0,3.0,5.0,2.0,4.0,3.0,1.0,4.0,1.0,4.0,4.0,1.0,2.0,1.0,2.0,Ballot b
2004,2162,5.0,1.0,1.0,0.0,1.0,1.0,4.0,1.0,4.0,1.0,4.0,4.0,1.0,2.0,4.0,2.0,Ballot a
2004,2166,5.0,1.0,3.0,0.0,2.0,3.0,3.0,2.0,3.0,2.0,3.0,2.0,2.0,2.0,1.0,2.0,Ballot b
2004,2169,3.0,1.0,1.0,0.0,2.0,4.0,3.0,1.0,3.0,2.0,3.0,3.0,2.0,1.0,2.0,2.0,Ballot a
2004,2175,4.0,3.0,2.0,20.0,2.0,4.0,3.0,1.0,4.0,2.0,3.0,4.0,2.0,2.0,2.0,2.0,Ballot a
2004,2178,4.0,2.0,3.0,1.0,3.0,4.0,3.0,1.0,3.0,1.0,4.0,4.0,2.0,2.0,1.0,2.0,Ballot c
2004,2180,4.0,3.0,3.0,18.0,2.0,3.0,2.0,2.0,2.0,2.0,3.0,3.0,2.0,2.0,2.0,2.0,Ballot c
2004,2185,7.0,1.0,2.0,0.0,2.0,4.0,4.0,2.0,3.0,3.0,3.0,3.0,1.0,2.0,1.0,2.0,Ballot a
2004,2187,4.0,1.0,3.0,10.0,1.0,4.0,4.0,1.0,4.0,2.0,4.0,3.0,2.0,2.0,1.0,2.0,Ballot c
2004,2191,5.0,3.0,3.0,30.0,3.0,1.0,1.0,1.0,1.0,4.0,1.0,1.0,3.0,2.0,1.0,2.0,Ballot a
2004,2192,4.0,2.0,2.0,1.0,2.0,4.0,2.0,1.0,3.0,2.0,3.0,4.0,1.0,2.0,1.0,2.0,Ballot c
2004,2198,5.0,1.0,2.0,2.0,1.0,4.0,3.0,1.0,4.0,1.0,3.0,3.0,1.0,1.0,1.0,2.0,Ballot b
2004,2199,3.0,1.0,2.0,0.0,2.0,4.0,2.0,1.0,4.0,3.0,3.0,3.0,1.0,2.0,1.0,2.0,Ballot a
2004,2215,2.0,4.0,3.0,0.0,3.0,3.0,3.0,2.0,2.0,3.0,3.0,2.0,2.0,2.0,2.0,1.0,Ballot b
2004,2216,4.0,1.0,3.0,10.0,2.0,3.0,2.0,2.0,2.0,3.0,2.0,2.0,2.0,1.0,1.0,2.0,Ballot c
2004,2218,2.0,2.0,1.0,0.0,1.0,4.0,2.0,1.0,4.0,2.0,2.0,3.0,1.0,2.0,3.0,2.0,Ballot a
2004,2219,4.0,2.0,2.0,10.0,3.0,3.0,1.0,1.0,2.0,2.0,2.0,2.0,2.0,2.0,2.0,2.0,Ballot a
2004,2221,2.0,2.0,1.0,28.0,2.0,4.0,2.0,2.0,3.0,3.0,2.0,2.0,3.0,2.0,2.0,1.0,Ballot b
2004,2222,3.0,2.0,2.0,6.0,2.0,3.0,3.0,2.0,3.0,2.0,3.0,3.0,2.0,1.0,2.0,2.0,Ballot a
2004,2225,5.0,1.0,3.0,3.0,1.0,4.0,3.0,1.0,4.0,2.0,3.0,3.0,2.0,2.0,1.0,2.0,Ballot a
2004,2229,4.0,3.0,2.0,3.0,2.0,3.0,3.0,1.0,3.0,3.0,2.0,2.0,2.0,2.0,1.0,2.0,Ballot a
2004,2230,4.0,2.0,3.0,2.0,1.0,4.0,2.0,1.0,2.0,1.0,3.0,3.0,1.0,2.0,2.0,2.0,Ballot c
2004,2232,5.0,1.0,1.0,0.0,2.0,4.0,3.0,2.0,3.0,2.0,3.0,3.0,2.0,2.0,1.0,2.0,Ballot a
2004,2234,7.0,2.0,2.0,3.0,1.0,4.0,4.0,2.0,4.0,2.0,2.0,3.0,2.0,2.0,3.0,2.0,Ballot b
2004,2243,4.0,2.0,3.0,5.0,2.0,3.0,3.0,2.0,3.0,2.0,3.0,3.0,2.0,2.0,2.0,2.0,Ballot a
2004,2244,4.0,2.0,2.0,0.0,1.0,3.0,3.0,1.0,3.0,2.0,3.0,3.0,1.0,2.0,2.0,2.0,Ballot b
2004,2246,3.0,1.0,2.0,0.0,1.0,4.0,4.0,1.0,4.0,3.0,2.0,3.0,2.0,1.0,1.0,2.0,Ballot b
2004,2247,4.0,2.0,2.0,15.0,2.0,4.0,2.0,1.0,4.0,2.0,3.0,3.0,3.0,2.0,2.0,2.0,Ballot c
2004,2248,3.0,1.0,2.0,0.0,1.0,3.0,3.0,1.0,4.0,2.0,4.0,3.0,1.0,2.0,1.0,2.0,Ballot a
2004,2249,3.0,2.0,3.0,0.0,3.0,3.0,3.0,2.0,3.0,3.0,3.0,3.0,2.0,2.0,3.0,2.0,Ballot b
2004,2250,4.0,1.0,2.0,0.0,1.0,4.0,4.0,1.0,4.0,1.0,2.0,3.0,2.0,2.0,1.0,2.0,Ballot c
2004,2253,4.0,1.0,1.0,0.0,2.0,4.0,4.0,2.0,4.0,4.0,4.0,4.0,1.0,2.0,1.0,2.0,Ballot b
2004,2254,4.0,2.0,1.0,2.0,2.0,3.0,2.0,2.0,2.0,2.0,3.0,3.0,2.0,2.0,2.0,2.0,Ballot a
2004,2264,4.0,2.0,3.0,10.0,2.0,3.0,1.0,2.0,2.0,3.0,2.0,2.0,2.0,2.0,3.0,2.0,Ballot c
2004,2281,3.0,2.0,1.0,7.0,2.0,3.0,2.0,2.0,3.0,2.0,3.0,3.0,2.0,2.0,2.0,2.0,Ballot b
2004,2282,4.0,1.0,1.0,0.0,2.0,4.0,4.0,2.0,3.0,2.0,3.0,3.0,2.0,2.0,2.0,2.0,Ballot b
2004,2289,4.0,1.0,2.0,20.0,2.0,4.0,2.0,3.0,2.0,2.0,2.0,2.0,3.0,2.0,2.0,2.0,Ballot c
2004,2293,7.0,2.0,3.0,0.0,2.0,3.0,3.0,2.0,2.0,3.0,3.0,3.0,2.0,2.0,2.0,2.0,Ballot b
2004,2301,2.0,1.0,2.0,0.0,1.0,4.0,4.0,1.0,4.0,1.0,4.0,4.0,1.0,2.0,2.0,2.0,Ballot a
2004,2304,2.0,3.0,3.0,0.0,2.0,3.0,2.0,2.0,3.0,1.0,3.0,3.0,2.0,2.0,3.0,2.0,Ballot b
2004,2305,4.0,2.0,2.0,0.0,2.0,3.0,2.0,2.0,3.0,2.0,3.0,3.0,2.0,2.0,1.0,2.0,Ballot c
2004,2307,2.0,3.0,2.0,0.0,1.0,3.0,3.0,1.0,4.0,2.0,3.0,4.0,1.0,2.0,1.0,2.0,Ballot a
2004,2308,3.0,2.0,3.0,0.0,2.0,4.0,4.0,2.0,4.0,2.0,2.0,2.0,2.0,2.0,3.0,2.0,Ballot a
2004,2311,4.0,4.0,2.0,29.0,2.0,3.0,2.0,1.0,2.0,1.0,1.0,1.0,3.0,2.0,2.0,2.0,Ballot c
2004,2314,3.0,1.0,2.0,30.0,2.0,3.0,2.0,2.0,3.0,2.0,3.0,3.0,2.0,2.0,2.0,2.0,Ballot a
2004,2317,4.0,1.0,3.0,8.0,2.0,4.0,4.0,1.0,4.0,2.0,3.0,3.0,2.0,2.0,1.0,2.0,Ballot b
2004,2321,6.0,2.0,2.0,2.0,2.0,3.0,3.0,2.0,3.0,2.0,3.0,2.0,2.0,2.0,1.0,2.0,Ballot b
2004,2322,4.0,2.0,2.0,0.0,1.0,4.0,4.0,1.0,4.0,1.0,3.0,2.0,2.0,2.0,1.0,2.0,Ballot c
2004,2324,4.0,2.0,2.0,1.0,1.0,4.0,4.0,1.0,4.0,2.0,3.0,3.0,2.0,2.0,1.0,2.0,Ballot b
2004,2328,4.0,1.0,1.0,10.0,2.0,3.0,3.0,2.0,3.0,2.0,3.0,3.0,2.0,2.0,2.0,2.0,Ballot c
2004,2329,3.0,1.0,2.0,0.0,2.0,4.0,4.0,2.0,4.0,2.0,4.0,4.0,3.0,2.0,2.0,2.0,Ballot a
2004,2333,4.0,2.0,2.0,0.0,2.0,3.0,3.0,2.0,3.0,2.0,3.0,3.0,2.0,2.0,1.0,2.0,Ballot a
2004,2336,3.0,1.0,2.0,20.0,2.0,3.0,3.0,2.0,3.0,2.0,3.0,3.0,2.0,2.0,3.0,2.0,Ballot a
2004,2347,4.0,1.0,3.0,2.0,2.0,3.0,2.0,3.0,3.0,2.0,2.0,3.0,2.0,2.0,1.0,2.0,Ballot c
2004,2351,4.0,2.0,2.0,0.0,2.0,3.0,2.0,2.0,3.0,1.0,2.0,1.0,1.0,1.0,1.0,2.0,Ballot a
2004,2358,3.0,4.0,3.0,15.0,3.0,3.0,2.0,2.0,2.0,3.0,2.0,3.0,3.0,2.0,1.0,2.0,Ballot b
2004,2360,4.0,1.0,1.0,0.0,1.0,4.0,4.0,1.0,4.0,1.0,3.0,3.0,2.0,2.0,1.0,2.0,Ballot c
2004,2366,4.0,2.0,1.0,2.0,2.0,4.0,4.0,1.0,4.0,1.0,3.0,3.0,2.0,2.0,2.0,2.0,Ballot c
2004,2367,5.0,1.0,2.0,0.0,1.0,4.0,1.0,1.0,4.0,1.0,4.0,4.0,2.0,2.0,1.0,2.0,Ballot b
2004,2368,3.0,1.0,1.0,0.0,2.0,4.0,4.0,1.0,4.0,2.0,4.0,4.0,1.0,2.0,1.0,2.0,Ballot a
2004,2372,4.0,1.0,1.0,1.0,2.0,4.0,2.0,2.0,2.0,3.0,3.0,3.0,2.0,2.0,1.0,2.0,Ballot a
2004,2377,4.0,1.0,1.0,2.0,2.0,4.0,3.0,1.0,4.0,2.0,3.0,3.0,2.0,2.0,1.0,2.0,Ballot c
2004,2383,4.0,2.0,3.0,0.0,1.0,3.0,3.0,1.0,4.0,1.0,4.0,4.0,1.0,2.0,1.0,2.0,Ballot c
2004,2395,4.0,1.0,2.0,0.0,2.0,3.0,2.0,2.0,3.0,2.0,3.0,3.0,2.0,2.0,2.0,2.0,Ballot c
2004,2405,2.0,1.0,2.0,0.0,2.0,4.0,3.0,1.0,3.0,2.0,3.0,4.0,1.0,2.0,1.0,2.0,Ballot b
2004,2408,4.0,2.0,2.0,3.0,2.0,3.0,3.0,2.0,4.0,1.0,4.0,4.0,2.0,2.0,1.0,2.0,Ballot b
2004,2414,7.0,1.0,1.0,0.0,1.0,4.0,2.0,2.0,4.0,2.0,3.0,3.0,2.0,2.0,2.0,2.0,Ballot a
2004,2419,3.0,2.0,2.0,7.0,2.0,4.0,4.0,1.0,3.0,2.0,3.0,4.0,4.0,2.0,2.0,2.0,Ballot b
2004,2421,4.0,3.0,3.0,5.0,3.0,2.0,2.0,3.0,2.0,3.0,2.0,2.0,3.0,1.0,2.0,2.0,Ballot a
2004,2428,4.0,1.0,2.0,30.0,3.0,3.0,2.0,2.0,3.0,4.0,2.0,2.0,3.0,1.0,2.0,2.0,Ballot c
2004,2447,4.0,1.0,1.0,30.0,1.0,4.0,4.0,4.0,4.0,1.0,3.0,3.0,1.0,2.0,1.0,2.0,Ballot c
2004,2450,3.0,1.0,1.0,0.0,1.0,4.0,4.0,1.0,3.0,2.0,4.0,3.0,1.0,2.0,1.0,2.0,Ballot a
2004,2456,4.0,1.0,2.0,0.0,1.0,4.0,4.0,1.0,4.0,1.0,3.0,2.0,1.0,2.0,1.0,2.0,Ballot a
2004,2468,4.0,2.0,2.0,10.0,2.0,3.0,2.0,2.0,2.0,2.0,2.0,3.0,2.0,2.0,2.0,2.0,Ballot a
2004,2469,3.0,2.0,2.0,4.0,2.0,3.0,3.0,2.0,2.0,3.0,3.0,2.0,2.0,2.0,1.0,2.0,Ballot b
2004,2473,7.0,3.0,1.0,0.0,2.0,3.0,3.0,1.0,2.0,2.0,3.0,3.0,2.0,2.0,3.0,2.0,Ballot a
2004,2474,4.0,2.0,3.0,0.0,2.0,3.0,2.0,2.0,3.0,2.0,3.0,3.0,2.0,2.0,2.0,2.0,Ballot b
2004,2480,2.0,2.0,2.0,7.0,1.0,3.0,2.0,1.0,3.0,1.0,2.0,2.0,2.0,2.0,2.0,2.0,Ballot a
2004,2482,7.0,1.0,3.0,2.0,1.0,1.0,3.0,1.0,3.0,2.0,3.0,3.0,2.0,2.0,3.0,2.0,Ballot b
2004,2484,7.0,1.0,1.0,0.0,2.0,4.0,2.0,2.0,3.0,2.0,3.0,3.0,2.0,2.0,1.0,2.0,Ballot b
2004,2494,7.0,2.0,3.0,15.0,4.0,1.0,4.0,1.0,2.0,2.0,1.0,1.0,3.0,1.0,1.0,2.0,Ballot a
2004,2495,5.0,1.0,1.0,0.0,2.0,3.0,2.0,1.0,4.0,2.0,3.0,4.0,1.0,2.0,1.0,2.0,Ballot b
2004,2508,4.0,2.0,1.0,0.0,1.0,4.0,4.0,1.0,4.0,1.0,4.0,4.0,1.0,2.0,1.0,2.0,Ballot c
2004,2514,4.0,3.0,3.0,3.0,2.0,4.0,4.0,4.0,4.0,2.0,3.0,3.0,2.0,1.0,1.0,2.0,Ballot b
2004,2516,1.0,1.0,2.0,0.0,2.0,3.0,3.0,2.0,3.0,2.0,3.0,2.0,2.0,2.0,2.0,2.0,Ballot a
2004,2518,4.0,2.0,2.0,15.0,2.0,4.0,4.0,1.0,4.0,1.0,4.0,3.0,1.0,2.0,1.0,2.0,Ballot b
2004,2519,4.0,2.0,3.0,0.0,1.0,4.0,2.0,1.0,4.0,1.0,4.0,4.0,1.0,2.0,1.0,2.0,Ballot c
2004,2523,5.0,1.0,3.0,15.0,2.0,3.0,3.0,2.0,3.0,2.0,3.0,3.0,2.0,2.0,1.0,2.0,Ballot a
2004,2526,4.0,2.0,2.0,0.0,2.0,4.0,3.0,4.0,3.0,2.0,3.0,3.0,2.0,2.0,2.0,2.0,Ballot c
2004,2527,4.0,3.0,3.0,0.0,2.0,3.0,2.0,1.0,3.0,2.0,2.0,2.0,2.0,1.0,3.0,2.0,Ballot b
2004,2530,5.0,1.0,2.0,5.0,1.0,4.0,4.0,1.0,4.0,1.0,4.0,4.0,1.0,2.0,1.0,2.0,Ballot a
2004,2532,4.0,1.0,1.0,5.0,3.0,4.0,2.0,2.0,3.0,2.0,4.0,3.0,1.0,2.0,2.0,2.0,Ballot a
2004,2542,2.0,1.0,2.0,10.0,2.0,3.0,3.0,1.0,3.0,1.0,3.0,3.0,2.0,2.0,2.0,1.0,Ballot a
2004,2550,6.0,2.0,1.0,10.0,2.0,3.0,3.0,2.0,2.0,3.0,3.0,3.0,3.0,2.0,2.0,2.0,Ballot b
2004,2554,3.0,2.0,2.0,0.0,1.0,4.0,4.0,1.0,4.0,2.0,3.0,4.0,1.0,2.0,1.0,2.0,Ballot b
2004,2567,4.0,2.0,1.0,0.0,2.0,4.0,4.0,2.0,3.0,2.0,1.0,2.0,2.0,1.0,1.0,2.0,Ballot a
2004,2569,6.0,1.0,1.0,0.0,2.0,3.0,3.0,1.0,4.0,1.0,3.0,3.0,2.0,2.0,2.0,2.0,Ballot b
2004,2571,4.0,1.0,3.0,5.0,2.0,3.0,3.0,1.0,4.0,1.0,2.0,3.0,1.0,2.0,2.0,2.0,Ballot a
2004,2575,7.0,3.0,3.0,0.0,2.0,3.0,3.0,2.0,3.0,2.0,3.0,3.0,2.0,2.0,2.0,2.0,Ballot a
2004,2580,4.0,1.0,1.0,0.0,1.0,3.0,2.0,1.0,3.0,1.0,3.0,3.0,2.0,2.0,1.0,2.0,Ballot c
2004,2584,2.0,1.0,2.0,0.0,1.0,4.0,2.0,2.0,4.0,2.0,3.0,2.0,1.0,2.0,1.0,2.0,Ballot a
2004,2601,4.0,2.0,2.0,10.0,1.0,4.0,3.0,2.0,3.0,2.0,3.0,3.0,2.0,1.0,2.0,2.0,Ballot a
2004,2604,2.0,2.0,2.0,0.0,1.0,3.0,3.0,2.0,3.0,2.0,2.0,2.0,2.0,2.0,1.0,2.0,Ballot a
2004,2617,4.0,1.0,2.0,1.0,1.0,3.0,3.0,1.0,2.0,1.0,3.0,3.0,1.0,2.0,1.0,2.0,Ballot c
2004,2618,4.0,2.0,2.0,0.0,2.0,4.0,3.0,1.0,4.0,2.0,3.0,3.0,2.0,2.0,2.0,2.0,Ballot c
2004,2622,4.0,2.0,2.0,0.0,2.0,4.0,4.0,2.0,4.0,2.0,2.0,3.0,2.0,2.0,2.0,2.0,Ballot b
2004,2632,5.0,1.0,2.0,0.0,2.0,4.0,2.0,1.0,2.0,2.0,3.0,3.0,2.0,2.0,2.0,2.0,Ballot a
2004,2633,2.0,3.0,3.0,3.0,3.0,2.0,2.0,2.0,2.0,1.0,3.0,3.0,2.0,2.0,2.0,1.0,Ballot a
2004,2639,2.0,1.0,3.0,5.0,1.0,3.0,3.0,2.0,2.0,2.0,3.0,4.0,1.0,2.0,2.0,2.0,Ballot a
2004,2649,4.0,1.0,2.0,5.0,2.0,4.0,1.0,2.0,2.0,2.0,3.0,3.0,2.0,1.0,3.0,2.0,Ballot c
2004,2658,4.0,1.0,1.0,7.0,2.0,3.0,2.0,1.0,3.0,2.0,3.0,3.0,2.0,2.0,2.0,2.0,Ballot c
2004,2661,5.0,1.0,1.0,0.0,3.0,3.0,2.0,2.0,3.0,2.0,2.0,3.0,2.0,2.0,2.0,2.0,Ballot b
2004,2663,4.0,1.0,1.0,2.0,1.0,4.0,4.0,3.0,4.0,3.0,3.0,2.0,3.0,2.0,1.0,2.0,Ballot c
2004,2671,4.0,1.0,2.0,3.0,2.0,4.0,1.0,1.0,3.0,3.0,3.0,3.0,2.0,2.0,1.0,2.0,Ballot a
2004,2672,6.0,2.0,2.0,3.0,2.0,3.0,2.0,2.0,2.0,3.0,2.0,2.0,3.0,2.0,1.0,2.0,Ballot b
2004,2674,5.0,2.0,1.0,14.0,2.0,3.0,3.0,2.0,2.0,3.0,3.0,3.0,2.0,2.0,1.0,2.0,Ballot b
2004,2677,5.0,1.0,2.0,0.0,2.0,4.0,4.0,1.0,4.0,1.0,2.0,2.0,2.0,2.0,2.0,2.0,Ballot b
2004,2679,5.0,2.0,2.0,0.0,2.0,3.0,2.0,2.0,3.0,2.0,1.0,1.0,1.0,1.0,3.0,2.0,Ballot b
2004,2680,4.0,4.0,3.0,5.0,2.0,3.0,3.0,2.0,3.0,2.0,3.0,3.0,2.0,2.0,1.0,2.0,Ballot c
2004,2687,4.0,2.0,2.0,0.0,2.0,4.0,3.0,2.0,3.0,2.0,3.0,3.0,3.0,1.0,2.0,2.0,Ballot a
2004,2690,4.0,1.0,2.0,3.0,2.0,3.0,2.0,2.0,4.0,2.0,3.0,3.0,2.0,2.0,2.0,2.0,Ballot b
2004,2697,6.0,1.0,2.0,10.0,1.0,4.0,3.0,1.0,3.0,1.0,2.0,3.0,1.0,2.0,2.0,2.0,Ballot b
2004,2711,4.0,1.0,2.0,1.0,2.0,3.0,3.0,1.0,4.0,2.0,3.0,3.0,2.0,1.0,2.0,2.0,Ballot a
2004,2718,3.0,1.0,2.0,2.0,1.0,4.0,3.0,2.0,3.0,2.0,3.0,3.0,2.0,2.0,2.0,2.0,Ballot a
2004,2719,4.0,1.0,2.0,0.0,1.0,4.0,4.0,1.0,4.0,1.0,3.0,4.0,1.0,2.0,1.0,2.0,Ballot c
2004,2731,4.0,1.0,1.0,0.0,2.0,4.0,3.0,1.0,4.0,2.0,3.0,3.0,1.0,2.0,2.0,2.0,Ballot c
2004,2753,5.0,2.0,3.0,4.0,3.0,3.0,3.0,2.0,4.0,4.0,3.0,3.0,2.0,2.0,2.0,2.0,Ballot a
2004,2756,2.0,2.0,3.0,3.0,2.0,4.0,2.0,1.0,2.0,3.0,2.0,3.0,3.0,2.0,1.0,2.0,Ballot a
2004,2759,4.0,3.0,2.0,25.0,4.0,4.0,1.0,2.0,1.0,4.0,1.0,1.0,2.0,2.0,1.0,2.0,Ballot b
2004,2760,4.0,3.0,3.0,2.0,1.0,3.0,3.0,1.0,4.0,2.0,3.0,3.0,1.0,2.0,1.0,2.0,Ballot c
2004,2775,4.0,2.0,2.0,3.0,2.0,3.0,3.0,1.0,4.0,2.0,3.0,3.0,2.0,2.0,1.0,2.0,Ballot c
2004,2780,6.0,3.0,2.0,0.0,2.0,3.0,3.0,2.0,3.0,2.0,3.0,3.0,2.0,2.0,1.0,2.0,Ballot a
2004,2783,4.0,1.0,2.0,3.0,2.0,3.0,3.0,2.0,3.0,3.0,2.0,3.0,2.0,2.0,1.0,2.0,Ballot a
2004,2790,4.0,2.0,2.0,10.0,1.0,4.0,4.0,1.0,4.0,1.0,1.0,1.0,1.0,2.0,1.0,2.0,Ballot c
2004,2796,3.0,1.0,3.0,20.0,1.0,4.0,3.0,1.0,4.0,2.0,3.0,3.0,2.0,2.0,2.0,2.0,Ballot b
2004,2800,4.0,1.0,3.0,4.0,1.0,4.0,3.0,1.0,3.0,1.0,3.0,3.0,1.0,2.0,1.0,2.0,Ballot c
2004,2805,5.0,2.0,2.0,2.0,2.0,3.0,1.0,3.0,2.0,2.0,2.0,2.0,3.0,2.0,2.0,2.0,Ballot b
2004,2806,4.0,3.0,2.0,8.0,2.0,4.0,2.0,1.0,4.0,1.0,4.0,3.0,2.0,2.0,2.0,2.0,Ballot c
2004,2808,4.0,2.0,2.0,3.0,2.0,3.0,2.0,1.0,4.0,2.0,3.0,3.0,1.0,2.0,2.0,2.0,Ballot c
